,time,Nederbördsmängd
0,2020-01-17:01,0.0
1,2020-01-17:02,0.0
2,2020-01-17:03,0.0
3,2020-01-17:04,0.0
4,2020-01-17:05,0.0
5,2020-01-17:06,0.0
6,2020-01-17:07,0.0
7,2020-01-17:08,0.0
8,2020-01-17:09,0.0
9,2020-01-17:10,0.0
10,2020-01-17:11,0.0
11,2020-01-17:12,0.0
12,2020-01-17:13,0.0
13,2020-01-17:14,0.0
14,2020-01-17:15,0.0
15,2020-01-17:16,0.0
16,2020-01-17:17,0.0
17,2020-01-17:18,0.0
18,2020-01-17:19,0.0
19,2020-01-17:20,0.0
20,2020-01-17:21,0.0
21,2020-01-17:22,0.0
22,2020-01-17:23,0.0
23,2020-01-18:00,0.0
24,2020-01-18:01,0.0
25,2020-01-18:02,0.0
26,2020-01-18:03,0.0
27,2020-01-18:04,0.3
28,2020-01-18:05,0.0
29,2020-01-18:06,0.0
30,2020-01-18:07,0.0
31,2020-01-18:08,0.0
32,2020-01-18:09,0.0
33,2020-01-18:10,0.0
34,2020-01-18:11,0.0
35,2020-01-18:12,0.0
36,2020-01-18:13,0.0
37,2020-01-18:14,0.0
38,2020-01-18:15,0.0
39,2020-01-18:16,0.0
40,2020-01-18:17,0.0
41,2020-01-18:18,0.0
42,2020-01-18:19,0.0
43,2020-01-18:20,0.0
44,2020-01-18:21,0.0
45,2020-01-18:22,0.0
46,2020-01-18:23,0.0
47,2020-01-19:00,0.0
48,2020-01-19:01,0.0
49,2020-01-19:02,0.0
50,2020-01-19:03,0.0
51,2020-01-19:04,0.0
52,2020-01-19:05,0.0
53,2020-01-19:06,0.0
54,2020-01-19:07,0.0
55,2020-01-19:08,0.0
56,2020-01-19:09,0.0
57,2020-01-19:10,0.0
58,2020-01-19:11,0.0
59,2020-01-19:12,0.0
60,2020-01-19:13,0.0
61,2020-01-19:14,0.0
62,2020-01-19:15,0.0
63,2020-01-19:16,0.0
64,2020-01-19:17,0.0
65,2020-01-19:18,0.0
66,2020-01-19:19,0.0
67,2020-01-19:20,0.0
68,2020-01-19:21,0.0
69,2020-01-19:22,0.0
70,2020-01-19:23,0.0
71,2020-01-20:00,0.0
72,2020-01-20:01,0.0
73,2020-01-20:02,0.0
74,2020-01-20:03,0.0
75,2020-01-20:04,0.0
76,2020-01-20:05,0.0
77,2020-01-20:06,0.0
78,2020-01-20:07,0.0
79,2020-01-20:08,0.0
80,2020-01-20:09,0.0
81,2020-01-20:10,0.0
82,2020-01-20:11,0.0
83,2020-01-20:12,0.0
84,2020-01-20:13,0.0
85,2020-01-20:14,0.0
86,2020-01-20:15,0.0
87,2020-01-20:16,0.0
88,2020-01-20:17,0.0
89,2020-01-20:18,0.0
90,2020-01-20:19,0.0
91,2020-01-20:20,0.0
92,2020-01-20:21,0.0
93,2020-01-20:22,0.0
94,2020-01-20:23,0.0
95,2020-01-21:00,0.0
96,2020-01-21:01,0.0
97,2020-01-21:02,0.0
98,2020-01-21:03,0.0
99,2020-01-21:04,0.0
100,2020-01-21:05,0.0
101,2020-01-21:06,0.0
102,2020-01-21:07,0.0
103,2020-01-21:08,0.0
104,2020-01-21:09,0.0
105,2020-01-21:10,0.0
106,2020-01-21:11,0.0
107,2020-01-21:12,0.0
108,2020-01-21:13,0.0
109,2020-01-21:14,0.0
110,2020-01-21:15,0.0
111,2020-01-21:16,0.0
112,2020-01-21:17,0.0
113,2020-01-21:18,0.0
114,2020-01-21:19,0.0
115,2020-01-21:20,0.0
116,2020-01-21:21,0.0
117,2020-01-21:22,0.0
118,2020-01-21:23,0.0
119,2020-01-22:00,0.0
120,2020-01-22:01,0.0
121,2020-01-22:02,0.0
122,2020-01-22:03,0.0
123,2020-01-22:04,0.0
124,2020-01-22:05,0.0
125,2020-01-22:06,0.0
126,2020-01-22:07,0.0
127,2020-01-22:08,0.0
128,2020-01-22:09,0.0
129,2020-01-22:10,0.0
130,2020-01-22:11,0.0
131,2020-01-22:12,0.0
132,2020-01-22:13,0.0
133,2020-01-22:14,0.0
134,2020-01-22:15,0.0
135,2020-01-22:16,0.0
136,2020-01-22:17,0.0
137,2020-01-22:18,0.0
138,2020-01-22:19,0.0
139,2020-01-22:20,0.0
140,2020-01-22:21,0.0
141,2020-01-22:22,0.0
142,2020-01-22:23,0.0
143,2020-01-23:00,0.0
144,2020-01-23:01,0.0
145,2020-01-23:02,0.0
146,2020-01-23:03,0.0
147,2020-01-23:04,0.0
148,2020-01-23:05,0.0
149,2020-01-23:06,0.0
150,2020-01-23:07,0.0
151,2020-01-23:08,0.0
152,2020-01-23:09,0.0
153,2020-01-23:10,0.0
154,2020-01-23:11,0.0
155,2020-01-23:12,0.0
156,2020-01-23:13,0.0
157,2020-01-23:14,0.0
158,2020-01-23:15,0.0
159,2020-01-23:16,0.0
160,2020-01-23:17,0.0
161,2020-01-23:18,0.0
162,2020-01-23:19,0.0
163,2020-01-23:20,0.0
164,2020-01-23:21,0.0
165,2020-01-23:22,0.0
166,2020-01-23:23,0.1
167,2020-01-24:00,0.0
168,2020-01-24:01,0.0
169,2020-01-24:02,0.0
170,2020-01-24:03,0.0
171,2020-01-24:04,0.0
172,2020-01-24:05,0.0
173,2020-01-24:06,0.0
174,2020-01-24:07,0.0
175,2020-01-24:08,0.0
176,2020-01-24:09,0.0
177,2020-01-24:10,0.0
178,2020-01-24:11,0.0
179,2020-01-24:12,0.0
180,2020-01-24:13,0.0
181,2020-01-24:14,0.0
182,2020-01-24:15,0.0
183,2020-01-24:16,0.0
184,2020-01-24:17,0.0
185,2020-01-24:18,0.0
186,2020-01-24:19,0.0
187,2020-01-24:20,0.0
188,2020-01-24:21,0.0
189,2020-01-24:22,0.0
190,2020-01-24:23,0.0
191,2020-01-25:00,0.0
192,2020-01-25:01,0.0
193,2020-01-25:02,0.0
194,2020-01-25:03,0.0
195,2020-01-25:04,0.0
196,2020-01-25:05,0.0
197,2020-01-25:06,0.0
198,2020-01-25:07,0.0
199,2020-01-25:08,0.0
200,2020-01-25:09,0.0
201,2020-01-25:10,0.0
202,2020-01-25:11,0.0
203,2020-01-25:12,0.0
204,2020-01-25:13,0.0
205,2020-01-25:14,0.0
206,2020-01-25:15,0.0
207,2020-01-25:16,0.0
208,2020-01-25:17,0.0
209,2020-01-25:18,0.0
210,2020-01-25:19,0.0
211,2020-01-25:20,0.0
212,2020-01-25:21,0.0
213,2020-01-25:22,0.0
214,2020-01-25:23,0.0
215,2020-01-26:00,0.0
216,2020-01-26:01,0.0
217,2020-01-26:02,0.0
218,2020-01-26:03,0.0
219,2020-01-26:04,0.0
220,2020-01-26:05,0.0
221,2020-01-26:06,0.0
222,2020-01-26:07,0.0
223,2020-01-26:08,0.0
224,2020-01-26:09,0.0
225,2020-01-26:10,0.0
226,2020-01-26:11,0.0
227,2020-01-26:12,0.0
228,2020-01-26:13,0.0
229,2020-01-26:14,0.0
230,2020-01-26:15,0.0
231,2020-01-26:16,0.0
232,2020-01-26:17,0.0
233,2020-01-26:18,0.0
234,2020-01-26:19,0.0
235,2020-01-26:20,0.0
236,2020-01-26:21,0.0
237,2020-01-26:22,0.0
238,2020-01-26:23,0.0
239,2020-01-27:00,0.0
240,2020-01-27:01,0.0
241,2020-01-27:02,0.0
242,2020-01-27:03,0.0
243,2020-01-27:04,0.0
244,2020-01-27:05,0.0
245,2020-01-27:06,0.0
246,2020-01-27:07,0.0
247,2020-01-27:08,0.0
248,2020-01-27:09,0.0
249,2020-01-27:10,0.0
250,2020-01-27:11,0.0
251,2020-01-27:12,0.0
252,2020-01-27:13,0.1
253,2020-01-27:14,0.5
254,2020-01-27:15,0.4
255,2020-01-27:16,0.9
256,2020-01-27:17,0.7
257,2020-01-27:18,0.0
258,2020-01-27:19,0.2
259,2020-01-27:20,0.4
260,2020-01-27:21,0.0
261,2020-01-27:22,0.0
262,2020-01-27:23,0.0
263,2020-01-28:00,0.0
264,2020-01-28:01,0.0
265,2020-01-28:02,0.0
266,2020-01-28:03,0.0
267,2020-01-28:04,0.1
268,2020-01-28:05,0.6
269,2020-01-28:06,1.0
270,2020-01-28:07,0.1
271,2020-01-28:08,0.0
272,2020-01-28:09,0.1
273,2020-01-28:10,0.0
274,2020-01-28:11,0.0
275,2020-01-28:12,0.1
276,2020-01-28:13,0.7
277,2020-01-28:14,0.4
278,2020-01-28:15,0.5
279,2020-01-28:16,0.2
280,2020-01-28:17,0.0
281,2020-01-28:18,0.0
282,2020-01-28:19,0.0
283,2020-01-28:20,0.0
284,2020-01-28:21,0.0
285,2020-01-28:22,0.0
286,2020-01-28:23,0.0
287,2020-01-29:00,0.0
288,2020-01-29:01,0.0
289,2020-01-29:02,0.0
290,2020-01-29:03,0.0
291,2020-01-29:04,0.0
292,2020-01-29:05,0.0
293,2020-01-29:06,0.0
294,2020-01-29:07,0.0
295,2020-01-29:08,0.0
296,2020-01-29:09,0.0
297,2020-01-29:10,0.0
298,2020-01-29:11,0.0
299,2020-01-29:12,0.0
300,2020-01-29:13,0.0
301,2020-01-29:14,0.0
302,2020-01-29:15,0.0
303,2020-01-29:16,0.0
304,2020-01-29:17,0.0
305,2020-01-29:18,0.0
306,2020-01-29:19,0.0
307,2020-01-29:20,0.0
308,2020-01-29:21,0.0
309,2020-01-29:22,0.0
310,2020-01-29:23,0.0
311,2020-01-30:00,0.0
312,2020-01-30:01,0.0
313,2020-01-30:02,0.0
314,2020-01-30:03,0.0
315,2020-01-30:04,0.0
316,2020-01-30:05,0.0
317,2020-01-30:06,0.0
318,2020-01-30:07,0.2
319,2020-01-30:08,0.7
320,2020-01-30:09,0.0
321,2020-01-30:10,0.1
322,2020-01-30:11,0.2
323,2020-01-30:12,0.7
324,2020-01-30:13,0.0
325,2020-01-30:14,0.0
326,2020-01-30:15,0.0
327,2020-01-30:16,0.0
328,2020-01-30:17,0.0
329,2020-01-30:18,0.0
330,2020-01-30:19,0.0
331,2020-01-30:20,0.0
332,2020-01-30:21,0.0
333,2020-01-30:22,0.0
334,2020-01-30:23,0.0
335,2020-01-31:00,0.0
336,2020-01-31:01,0.5
337,2020-01-31:02,6.0
338,2020-01-31:03,2.0
339,2020-01-31:04,0.1
340,2020-01-31:05,0.0
341,2020-01-31:06,0.0
342,2020-01-31:07,0.0
343,2020-01-31:08,0.1
344,2020-01-31:09,0.4
345,2020-01-31:10,0.0
346,2020-01-31:11,0.1
347,2020-01-31:12,0.0
348,2020-01-31:13,0.0
349,2020-01-31:14,0.0
350,2020-01-31:15,0.0
351,2020-01-31:16,0.0
352,2020-01-31:17,0.0
353,2020-01-31:18,0.0
354,2020-01-31:19,0.0
355,2020-01-31:20,0.0
356,2020-01-31:21,0.0
357,2020-01-31:22,0.0
358,2020-01-31:23,0.0
359,2020-02-01:00,0.0
360,2020-02-01:01,0.0
361,2020-02-01:02,0.0
362,2020-02-01:03,0.3
363,2020-02-01:04,0.5
364,2020-02-01:05,0.0
365,2020-02-01:06,0.8
366,2020-02-01:07,0.2
367,2020-02-01:08,0.1
368,2020-02-01:09,0.0
369,2020-02-01:10,0.0
370,2020-02-01:11,0.0
371,2020-02-01:12,0.0
372,2020-02-01:13,0.0
373,2020-02-01:14,0.0
374,2020-02-01:15,0.0
375,2020-02-01:16,0.0
376,2020-02-01:17,0.0
377,2020-02-01:18,0.0
378,2020-02-01:19,0.0
379,2020-02-01:20,0.0
380,2020-02-01:21,0.0
381,2020-02-01:22,0.0
382,2020-02-01:23,0.0
383,2020-02-02:00,0.0
384,2020-02-02:01,0.0
385,2020-02-02:02,0.0
386,2020-02-02:03,0.0
387,2020-02-02:04,0.0
388,2020-02-02:05,0.0
389,2020-02-02:06,0.0
390,2020-02-02:07,0.0
391,2020-02-02:08,0.0
392,2020-02-02:09,0.0
393,2020-02-02:10,0.0
394,2020-02-02:11,0.0
395,2020-02-02:12,0.0
396,2020-02-02:13,0.0
397,2020-02-02:14,0.0
398,2020-02-02:15,0.0
399,2020-02-02:16,0.0
400,2020-02-02:17,0.0
401,2020-02-02:18,0.0
402,2020-02-02:19,0.0
403,2020-02-02:20,0.0
404,2020-02-02:21,0.0
405,2020-02-02:22,0.0
406,2020-02-02:23,0.0
407,2020-02-03:00,0.0
408,2020-02-03:01,0.0
409,2020-02-03:02,0.0
410,2020-02-03:03,0.0
411,2020-02-03:04,0.0
412,2020-02-03:05,0.0
413,2020-02-03:06,0.0
414,2020-02-03:07,0.0
415,2020-02-03:08,0.0
416,2020-02-03:09,0.0
417,2020-02-03:10,0.0
418,2020-02-03:11,0.0
419,2020-02-03:12,0.0
420,2020-02-03:13,0.0
421,2020-02-03:14,0.0
422,2020-02-03:15,0.0
423,2020-02-03:16,0.0
424,2020-02-03:17,0.0
425,2020-02-03:18,0.0
426,2020-02-03:19,0.0
427,2020-02-03:20,0.0
428,2020-02-03:21,0.1
429,2020-02-03:22,2.0
430,2020-02-03:23,0.3
431,2020-02-04:00,0.0
432,2020-02-04:01,0.0
433,2020-02-04:02,0.0
434,2020-02-04:03,0.0
435,2020-02-04:04,0.0
436,2020-02-04:05,0.0
437,2020-02-04:06,0.9
438,2020-02-04:07,0.1
439,2020-02-04:08,0.0
440,2020-02-04:09,0.0
441,2020-02-04:10,0.0
442,2020-02-04:11,0.2
443,2020-02-04:12,0.0
444,2020-02-04:13,0.0
445,2020-02-04:14,0.0
446,2020-02-04:15,0.3
447,2020-02-04:16,0.1
448,2020-02-04:17,0.0
449,2020-02-04:18,0.0
450,2020-02-04:19,0.1
451,2020-02-04:20,0.2
452,2020-02-04:21,0.0
453,2020-02-04:22,0.0
454,2020-02-04:23,0.0
455,2020-02-05:00,0.0
456,2020-02-05:01,0.0
457,2020-02-05:02,0.0
458,2020-02-05:03,0.0
459,2020-02-05:04,0.0
460,2020-02-05:05,0.0
461,2020-02-05:06,0.0
462,2020-02-05:07,0.0
463,2020-02-05:08,0.0
464,2020-02-05:09,0.0
465,2020-02-05:10,0.0
466,2020-02-05:11,0.0
467,2020-02-05:12,0.0
468,2020-02-05:13,0.0
469,2020-02-05:14,0.0
470,2020-02-05:15,0.0
471,2020-02-05:16,0.0
472,2020-02-05:17,0.0
473,2020-02-05:18,0.0
474,2020-02-05:19,0.0
475,2020-02-05:20,0.0
476,2020-02-05:21,0.0
477,2020-02-05:22,0.0
478,2020-02-05:23,0.0
479,2020-02-06:00,0.0
480,2020-02-06:01,0.0
481,2020-02-06:02,0.0
482,2020-02-06:03,0.0
483,2020-02-06:04,0.0
484,2020-02-06:05,0.0
485,2020-02-06:06,0.0
486,2020-02-06:07,0.0
487,2020-02-06:08,0.0
488,2020-02-06:09,0.0
489,2020-02-06:10,0.0
490,2020-02-06:11,0.0
491,2020-02-06:12,0.0
492,2020-02-06:13,0.0
493,2020-02-06:14,0.0
494,2020-02-06:15,0.0
495,2020-02-06:16,0.0
496,2020-02-06:17,0.0
497,2020-02-06:18,0.0
498,2020-02-06:19,0.0
499,2020-02-06:20,0.0
500,2020-02-06:21,0.0
501,2020-02-06:22,0.0
502,2020-02-06:23,0.0
503,2020-02-07:00,0.0
504,2020-02-07:01,0.0
505,2020-02-07:02,0.0
506,2020-02-07:03,0.0
507,2020-02-07:04,0.0
508,2020-02-07:05,0.0
509,2020-02-07:06,0.0
510,2020-02-07:07,0.0
511,2020-02-07:08,0.0
512,2020-02-07:09,0.0
513,2020-02-07:10,0.0
514,2020-02-07:11,0.0
515,2020-02-07:12,0.0
516,2020-02-07:13,0.0
517,2020-02-07:14,0.0
518,2020-02-07:15,0.0
519,2020-02-07:16,0.0
520,2020-02-07:17,0.0
521,2020-02-07:18,0.0
522,2020-02-07:19,0.0
523,2020-02-07:20,0.0
524,2020-02-07:21,0.0
525,2020-02-07:22,0.0
526,2020-02-07:23,0.0
527,2020-02-08:00,0.0
528,2020-02-08:01,0.0
529,2020-02-08:02,0.0
530,2020-02-08:03,0.0
531,2020-02-08:04,0.0
532,2020-02-08:05,0.0
533,2020-02-08:06,0.0
534,2020-02-08:07,0.0
535,2020-02-08:08,0.0
536,2020-02-08:09,0.0
537,2020-02-08:10,0.0
538,2020-02-08:11,0.0
539,2020-02-08:12,0.0
540,2020-02-08:13,0.0
541,2020-02-08:14,0.0
542,2020-02-08:15,0.0
543,2020-02-08:16,0.0
544,2020-02-08:17,0.0
545,2020-02-08:18,0.0
546,2020-02-08:19,0.0
547,2020-02-08:20,0.0
548,2020-02-08:21,0.0
549,2020-02-08:22,0.0
550,2020-02-08:23,0.0
551,2020-02-09:00,0.0
552,2020-02-09:01,0.0
553,2020-02-09:02,0.0
554,2020-02-09:03,0.0
555,2020-02-09:04,0.0
556,2020-02-09:05,0.0
557,2020-02-09:06,0.0
558,2020-02-09:07,0.0
559,2020-02-09:08,0.0
560,2020-02-09:09,0.0
561,2020-02-09:10,0.0
562,2020-02-09:11,0.0
563,2020-02-09:12,0.0
564,2020-02-09:13,0.0
565,2020-02-09:14,0.0
566,2020-02-09:15,0.0
567,2020-02-09:16,0.2
568,2020-02-09:17,0.3
569,2020-02-09:18,0.3
570,2020-02-09:19,0.0
571,2020-02-09:20,0.6
572,2020-02-09:21,0.1
573,2020-02-09:22,0.3
574,2020-02-09:23,0.0
575,2020-02-10:00,0.0
576,2020-02-10:01,0.0
577,2020-02-10:02,0.0
578,2020-02-10:03,0.0
579,2020-02-10:04,0.0
580,2020-02-10:05,0.3
581,2020-02-10:06,0.2
582,2020-02-10:07,0.0
583,2020-02-10:08,0.0
584,2020-02-10:09,0.0
585,2020-02-10:10,0.0
586,2020-02-10:11,0.0
587,2020-02-10:12,0.0
588,2020-02-10:13,0.1
589,2020-02-10:14,0.2
590,2020-02-10:15,0.0
591,2020-02-10:16,0.0
592,2020-02-10:17,0.0
593,2020-02-10:18,0.0
594,2020-02-10:19,0.0
595,2020-02-10:20,0.0
596,2020-02-10:21,0.0
597,2020-02-10:22,0.0
598,2020-02-10:23,0.0
599,2020-02-11:00,0.0
600,2020-02-11:01,0.0
601,2020-02-11:02,0.0
602,2020-02-11:03,0.1
603,2020-02-11:04,0.0
604,2020-02-11:05,0.0
605,2020-02-11:06,0.0
606,2020-02-11:07,0.0
607,2020-02-11:08,0.0
608,2020-02-11:09,0.0
609,2020-02-11:10,0.0
610,2020-02-11:11,0.0
611,2020-02-11:12,0.0
612,2020-02-11:13,0.0
613,2020-02-11:14,0.0
614,2020-02-11:15,0.0
615,2020-02-11:16,0.1
616,2020-02-11:17,0.0
617,2020-02-11:18,0.0
618,2020-02-11:19,0.0
619,2020-02-11:20,0.0
620,2020-02-11:21,0.0
621,2020-02-11:22,0.1
622,2020-02-11:23,0.0
623,2020-02-12:00,0.0
624,2020-02-12:01,0.0
625,2020-02-12:02,0.0
626,2020-02-12:03,0.0
627,2020-02-12:04,0.0
628,2020-02-12:05,0.0
629,2020-02-12:06,0.0
630,2020-02-12:07,0.0
631,2020-02-12:08,0.0
632,2020-02-12:09,0.0
633,2020-02-12:10,0.0
634,2020-02-12:11,0.0
635,2020-02-12:12,0.0
636,2020-02-12:13,0.0
637,2020-02-12:14,0.0
638,2020-02-12:15,0.0
639,2020-02-12:16,0.0
640,2020-02-12:17,0.0
641,2020-02-12:18,0.0
642,2020-02-12:19,0.0
643,2020-02-12:20,0.0
644,2020-02-12:21,0.0
645,2020-02-12:22,0.0
646,2020-02-12:23,0.0
647,2020-02-13:00,0.0
648,2020-02-13:01,0.0
649,2020-02-13:02,0.0
650,2020-02-13:03,0.0
651,2020-02-13:04,0.0
652,2020-02-13:05,0.0
653,2020-02-13:06,0.0
654,2020-02-13:07,0.0
655,2020-02-13:08,0.0
656,2020-02-13:09,0.0
657,2020-02-13:10,0.0
658,2020-02-13:11,0.0
659,2020-02-13:12,0.0
660,2020-02-13:13,0.0
661,2020-02-13:14,0.0
662,2020-02-13:15,0.0
663,2020-02-13:16,0.0
664,2020-02-13:17,0.0
665,2020-02-13:18,0.0
666,2020-02-13:19,0.0
667,2020-02-13:20,0.0
668,2020-02-13:21,0.0
669,2020-02-13:22,0.0
670,2020-02-13:23,0.0
671,2020-02-14:00,0.0
672,2020-02-14:01,0.0
673,2020-02-14:02,0.0
674,2020-02-14:03,0.0
675,2020-02-14:04,0.0
676,2020-02-14:05,0.0
677,2020-02-14:06,0.0
678,2020-02-14:07,0.0
679,2020-02-14:08,0.0
680,2020-02-14:09,0.0
681,2020-02-14:10,0.0
682,2020-02-14:11,0.0
683,2020-02-14:12,0.0
684,2020-02-14:13,0.0
685,2020-02-14:14,0.0
686,2020-02-14:15,0.0
687,2020-02-14:16,0.0
688,2020-02-14:17,0.0
689,2020-02-14:18,0.0
690,2020-02-14:19,0.0
691,2020-02-14:20,0.0
692,2020-02-14:21,0.0
693,2020-02-14:22,0.0
694,2020-02-14:23,0.0
695,2020-02-15:00,0.0
696,2020-02-15:01,0.0
697,2020-02-15:02,0.0
698,2020-02-15:03,0.0
699,2020-02-15:04,0.0
700,2020-02-15:05,0.0
701,2020-02-15:06,0.0
702,2020-02-15:07,0.0
703,2020-02-15:08,0.0
704,2020-02-15:09,0.9
705,2020-02-15:10,0.3
706,2020-02-15:11,0.0
707,2020-02-15:12,0.0
708,2020-02-15:13,0.0
709,2020-02-15:14,0.0
710,2020-02-15:15,0.0
711,2020-02-15:16,0.0
712,2020-02-15:17,0.0
713,2020-02-15:18,0.4
714,2020-02-15:19,0.0
715,2020-02-15:20,0.0
716,2020-02-15:21,0.0
717,2020-02-15:22,0.0
718,2020-02-15:23,0.0
719,2020-02-16:00,0.0
720,2020-02-16:01,0.0
721,2020-02-16:02,0.0
722,2020-02-16:03,0.1
723,2020-02-16:04,0.4
724,2020-02-16:05,0.0
725,2020-02-16:06,0.0
726,2020-02-16:07,0.0
727,2020-02-16:08,0.0
728,2020-02-16:09,0.0
729,2020-02-16:10,0.1
730,2020-02-16:11,1.0
731,2020-02-16:12,0.7
732,2020-02-16:13,2.0
733,2020-02-16:14,0.6
734,2020-02-16:15,0.1
735,2020-02-16:16,0.0
736,2020-02-16:17,0.0
737,2020-02-16:18,0.0
738,2020-02-16:19,0.0
739,2020-02-16:20,0.0
740,2020-02-16:21,0.3
741,2020-02-16:22,2.0
742,2020-02-16:23,0.7
743,2020-02-17:00,0.0
744,2020-02-17:01,0.0
745,2020-02-17:02,0.0
746,2020-02-17:03,0.0
747,2020-02-17:04,0.0
748,2020-02-17:05,0.0
749,2020-02-17:06,0.0
750,2020-02-17:07,0.0
751,2020-02-17:08,0.1
752,2020-02-17:09,0.0
753,2020-02-17:10,0.0
754,2020-02-17:11,0.0
755,2020-02-17:12,0.1
756,2020-02-17:13,0.0
757,2020-02-17:14,0.0
758,2020-02-17:15,0.0
759,2020-02-17:16,0.0
760,2020-02-17:17,0.7
761,2020-02-17:18,1.0
762,2020-02-17:19,0.0
763,2020-02-17:20,0.0
764,2020-02-17:21,0.0
765,2020-02-17:22,0.0
766,2020-02-17:23,0.0
767,2020-02-18:00,0.0
768,2020-02-18:01,0.0
769,2020-02-18:02,0.0
770,2020-02-18:03,0.0
771,2020-02-18:04,0.0
772,2020-02-18:05,0.0
773,2020-02-18:06,0.0
774,2020-02-18:07,0.0
775,2020-02-18:08,0.0
776,2020-02-18:09,0.0
777,2020-02-18:10,0.2
778,2020-02-18:11,0.0
779,2020-02-18:12,0.0
780,2020-02-18:13,0.0
781,2020-02-18:14,0.0
782,2020-02-18:15,0.0
783,2020-02-18:16,0.0
784,2020-02-18:17,0.0
785,2020-02-18:18,0.0
786,2020-02-18:19,0.1
787,2020-02-18:20,0.0
788,2020-02-18:21,0.0
789,2020-02-18:22,0.0
790,2020-02-18:23,0.0
791,2020-02-19:00,0.0
792,2020-02-19:01,0.0
793,2020-02-19:02,0.0
794,2020-02-19:03,0.0
795,2020-02-19:04,0.0
796,2020-02-19:05,0.1
797,2020-02-19:06,0.0
798,2020-02-19:07,0.1
799,2020-02-19:08,0.2
800,2020-02-19:09,0.0
801,2020-02-19:10,0.0
802,2020-02-19:11,0.0
803,2020-02-19:12,0.0
804,2020-02-19:13,0.0
805,2020-02-19:14,0.0
806,2020-02-19:15,0.0
807,2020-02-19:16,0.1
808,2020-02-19:17,0.0
809,2020-02-19:18,0.0
810,2020-02-19:19,0.0
811,2020-02-19:20,0.0
812,2020-02-19:21,0.0
813,2020-02-19:22,0.0
814,2020-02-19:23,0.0
815,2020-02-20:00,0.0
816,2020-02-20:01,0.0
817,2020-02-20:02,0.0
818,2020-02-20:03,0.0
819,2020-02-20:04,0.0
820,2020-02-20:05,0.0
821,2020-02-20:06,0.0
822,2020-02-20:07,0.0
823,2020-02-20:08,0.0
824,2020-02-20:09,0.1
825,2020-02-20:10,0.0
826,2020-02-20:11,0.0
827,2020-02-20:12,0.0
828,2020-02-20:13,0.0
829,2020-02-20:14,0.0
830,2020-02-20:15,0.0
831,2020-02-20:16,0.1
832,2020-02-20:17,0.2
833,2020-02-20:18,0.2
834,2020-02-20:19,0.1
835,2020-02-20:20,0.2
836,2020-02-20:21,0.0
837,2020-02-20:22,0.0
838,2020-02-20:23,0.0
839,2020-02-21:00,0.1
840,2020-02-21:01,0.2
841,2020-02-21:02,1.0
842,2020-02-21:03,1.0
843,2020-02-21:04,0.7
844,2020-02-21:05,0.0
845,2020-02-21:06,0.0
846,2020-02-21:07,0.0
847,2020-02-21:08,0.0
848,2020-02-21:09,0.0
849,2020-02-21:10,0.0
850,2020-02-21:11,0.0
851,2020-02-21:12,0.0
852,2020-02-21:13,0.0
853,2020-02-21:14,0.0
854,2020-02-21:15,0.0
855,2020-02-21:16,0.0
856,2020-02-21:17,0.0
857,2020-02-21:18,0.0
858,2020-02-21:19,0.0
859,2020-02-21:20,0.0
860,2020-02-21:21,0.0
861,2020-02-21:22,0.0
862,2020-02-21:23,0.0
863,2020-02-22:00,0.0
864,2020-02-22:01,0.0
865,2020-02-22:02,0.0
866,2020-02-22:03,0.0
867,2020-02-22:04,0.0
868,2020-02-22:05,0.2
869,2020-02-22:06,0.3
870,2020-02-22:07,0.0
871,2020-02-22:08,0.1
872,2020-02-22:09,0.0
873,2020-02-22:10,0.0
874,2020-02-22:11,0.1
875,2020-02-22:12,0.3
876,2020-02-22:13,0.0
877,2020-02-22:14,0.4
878,2020-02-22:15,0.0
879,2020-02-22:16,0.0
880,2020-02-22:17,0.0
881,2020-02-22:18,0.0
882,2020-02-22:19,0.2
883,2020-02-22:20,0.0
884,2020-02-22:21,0.0
885,2020-02-22:22,0.0
886,2020-02-22:23,0.0
887,2020-02-23:00,0.0
888,2020-02-23:01,0.0
889,2020-02-23:02,0.0
890,2020-02-23:03,0.0
891,2020-02-23:04,0.0
892,2020-02-23:05,0.0
893,2020-02-23:06,0.0
894,2020-02-23:07,0.0
895,2020-02-23:08,0.0
896,2020-02-23:09,0.0
897,2020-02-23:10,0.0
898,2020-02-23:11,0.0
899,2020-02-23:12,0.0
900,2020-02-23:13,0.0
901,2020-02-23:14,0.0
902,2020-02-23:15,0.0
903,2020-02-23:16,0.0
904,2020-02-23:17,0.0
905,2020-02-23:18,0.0
906,2020-02-23:19,0.0
907,2020-02-23:20,0.0
908,2020-02-23:21,0.0
909,2020-02-23:22,0.0
910,2020-02-23:23,0.0
911,2020-02-24:00,0.2
912,2020-02-24:01,0.0
913,2020-02-24:02,0.0
914,2020-02-24:03,0.0
915,2020-02-24:04,0.0
916,2020-02-24:05,0.0
917,2020-02-24:06,0.0
918,2020-02-24:07,0.0
919,2020-02-24:08,0.0
920,2020-02-24:09,0.0
921,2020-02-24:10,0.0
922,2020-02-24:11,0.0
923,2020-02-24:12,0.0
924,2020-02-24:13,0.0
925,2020-02-24:14,0.0
926,2020-02-24:15,0.0
927,2020-02-24:16,0.0
928,2020-02-24:17,0.0
929,2020-02-24:18,0.0
930,2020-02-24:19,0.0
931,2020-02-24:20,0.0
932,2020-02-24:21,0.0
933,2020-02-24:22,0.0
934,2020-02-24:23,0.0
935,2020-02-25:00,0.0
936,2020-02-25:01,0.0
937,2020-02-25:02,0.1
938,2020-02-25:03,0.0
939,2020-02-25:04,0.5
940,2020-02-25:05,0.3
941,2020-02-25:06,0.5
942,2020-02-25:07,0.2
943,2020-02-25:08,0.2
944,2020-02-25:09,0.0
945,2020-02-25:10,0.0
946,2020-02-25:11,0.0
947,2020-02-25:12,0.0
948,2020-02-25:13,0.0
949,2020-02-25:14,0.0
950,2020-02-25:15,0.0
951,2020-02-25:16,0.0
952,2020-02-25:17,0.0
953,2020-02-25:18,0.0
954,2020-02-25:19,0.1
955,2020-02-25:20,0.2
956,2020-02-25:21,0.1
957,2020-02-25:22,0.0
958,2020-02-25:23,0.0
959,2020-02-26:00,0.0
960,2020-02-26:01,0.0
961,2020-02-26:02,0.0
962,2020-02-26:03,0.1
963,2020-02-26:04,0.0
964,2020-02-26:05,0.8
965,2020-02-26:06,0.4
966,2020-02-26:07,0.1
967,2020-02-26:08,0.0
968,2020-02-26:09,0.0
969,2020-02-26:10,0.0
970,2020-02-26:11,0.2
971,2020-02-26:12,0.2
972,2020-02-26:13,0.0
973,2020-02-26:14,0.0
974,2020-02-26:15,0.0
975,2020-02-26:16,0.0
976,2020-02-26:17,0.0
977,2020-02-26:18,0.0
978,2020-02-26:19,0.0
979,2020-02-26:20,0.0
980,2020-02-26:21,0.0
981,2020-02-26:22,0.0
982,2020-02-26:23,0.0
983,2020-02-27:00,0.0
984,2020-02-27:01,0.0
985,2020-02-27:02,0.0
986,2020-02-27:03,0.0
987,2020-02-27:04,0.0
988,2020-02-27:05,0.0
989,2020-02-27:06,0.0
990,2020-02-27:07,0.0
991,2020-02-27:08,0.0
992,2020-02-27:09,0.0
993,2020-02-27:10,0.0
994,2020-02-27:11,0.0
995,2020-02-27:12,0.0
996,2020-02-27:13,0.0
997,2020-02-27:14,0.0
998,2020-02-27:15,0.0
999,2020-02-27:16,0.0
1000,2020-02-27:17,0.0
1001,2020-02-27:18,0.0
1002,2020-02-27:19,0.0
1003,2020-02-27:20,0.0
1004,2020-02-27:21,0.0
1005,2020-02-27:22,0.0
1006,2020-02-27:23,0.0
1007,2020-02-28:00,0.0
1008,2020-02-28:01,0.0
1009,2020-02-28:02,0.0
1010,2020-02-28:03,0.0
1011,2020-02-28:04,0.0
1012,2020-02-28:05,0.0
1013,2020-02-28:06,0.0
1014,2020-02-28:07,0.0
1015,2020-02-28:08,0.1
1016,2020-02-28:09,0.1
1017,2020-02-28:10,0.3
1018,2020-02-28:11,0.1
1019,2020-02-28:12,0.0
1020,2020-02-28:13,0.0
1021,2020-02-28:14,0.2
1022,2020-02-28:15,0.0
1023,2020-02-28:16,0.0
1024,2020-02-28:17,0.0
1025,2020-02-28:18,0.0
1026,2020-02-28:19,0.0
1027,2020-02-28:20,0.0
1028,2020-02-28:21,0.0
1029,2020-02-28:22,0.0
1030,2020-02-28:23,0.0
1031,2020-02-29:00,0.0
1032,2020-02-29:01,0.0
1033,2020-02-29:02,0.0
1034,2020-02-29:03,0.0
1035,2020-02-29:04,0.0
1036,2020-02-29:05,0.0
1037,2020-02-29:06,0.0
1038,2020-02-29:07,0.0
1039,2020-02-29:08,0.0
1040,2020-02-29:09,0.0
1041,2020-02-29:10,0.0
1042,2020-02-29:11,0.0
1043,2020-02-29:12,0.0
1044,2020-02-29:13,0.0
1045,2020-02-29:14,0.0
1046,2020-02-29:15,0.2
1047,2020-02-29:16,0.3
1048,2020-02-29:17,0.1
1049,2020-02-29:18,0.0
1050,2020-02-29:19,0.0
1051,2020-02-29:20,0.0
1052,2020-02-29:21,0.0
1053,2020-02-29:22,0.0
1054,2020-02-29:23,0.1
1055,2020-03-01:00,0.1
1056,2020-03-01:01,0.0
1057,2020-03-01:02,0.0
1058,2020-03-01:03,0.0
1059,2020-03-01:04,0.0
1060,2020-03-01:05,0.0
1061,2020-03-01:06,0.0
1062,2020-03-01:07,0.0
1063,2020-03-01:08,0.0
1064,2020-03-01:09,0.0
1065,2020-03-01:10,0.0
1066,2020-03-01:11,0.0
1067,2020-03-01:12,0.0
1068,2020-03-01:13,0.0
1069,2020-03-01:14,0.0
1070,2020-03-01:15,0.0
1071,2020-03-01:16,0.0
1072,2020-03-01:17,0.0
1073,2020-03-01:18,0.0
1074,2020-03-01:19,0.0
1075,2020-03-01:20,0.0
1076,2020-03-01:21,0.0
1077,2020-03-01:22,0.0
1078,2020-03-01:23,0.0
1079,2020-03-02:00,0.0
1080,2020-03-02:01,0.0
1081,2020-03-02:02,0.0
1082,2020-03-02:03,0.0
1083,2020-03-02:04,0.0
1084,2020-03-02:05,0.0
1085,2020-03-02:06,0.0
1086,2020-03-02:07,0.0
1087,2020-03-02:08,0.0
1088,2020-03-02:09,0.3
1089,2020-03-02:10,0.5
1090,2020-03-02:11,0.7
1091,2020-03-02:12,1.0
1092,2020-03-02:13,1.0
1093,2020-03-02:14,0.9
1094,2020-03-02:15,0.0
1095,2020-03-02:16,0.0
1096,2020-03-02:17,0.0
1097,2020-03-02:18,0.0
1098,2020-03-02:19,0.0
1099,2020-03-02:20,0.0
1100,2020-03-02:21,0.0
1101,2020-03-02:22,0.0
1102,2020-03-02:23,0.0
1103,2020-03-03:00,0.0
1104,2020-03-03:01,0.0
1105,2020-03-03:02,0.0
1106,2020-03-03:03,0.0
1107,2020-03-03:04,0.0
1108,2020-03-03:05,0.0
1109,2020-03-03:06,0.0
1110,2020-03-03:07,0.0
1111,2020-03-03:08,0.0
1112,2020-03-03:09,0.0
1113,2020-03-03:10,0.0
1114,2020-03-03:11,0.0
1115,2020-03-03:12,0.0
1116,2020-03-03:13,0.0
1117,2020-03-03:14,0.0
1118,2020-03-03:15,0.0
1119,2020-03-03:16,0.0
1120,2020-03-03:17,0.0
1121,2020-03-03:18,0.0
1122,2020-03-03:19,0.5
1123,2020-03-03:20,0.3
1124,2020-03-03:21,0.2
1125,2020-03-03:22,0.2
1126,2020-03-03:23,0.4
1127,2020-03-04:00,0.3
1128,2020-03-04:01,0.4
1129,2020-03-04:02,0.3
1130,2020-03-04:03,0.2
1131,2020-03-04:04,0.1
1132,2020-03-04:05,0.2
1133,2020-03-04:06,0.1
1134,2020-03-04:07,0.1
1135,2020-03-04:08,0.0
1136,2020-03-04:09,0.0
1137,2020-03-04:10,0.0
1138,2020-03-04:11,0.0
1139,2020-03-04:12,0.0
1140,2020-03-04:13,0.0
1141,2020-03-04:14,0.0
1142,2020-03-04:15,0.1
1143,2020-03-04:16,0.0
1144,2020-03-04:17,0.0
1145,2020-03-04:18,0.0
1146,2020-03-04:19,0.0
1147,2020-03-04:20,0.0
1148,2020-03-04:21,0.0
1149,2020-03-04:22,0.0
1150,2020-03-04:23,0.0
1151,2020-03-05:00,0.0
1152,2020-03-05:01,0.0
1153,2020-03-05:02,0.0
1154,2020-03-05:03,0.0
1155,2020-03-05:04,0.0
1156,2020-03-05:05,0.0
1157,2020-03-05:06,0.0
1158,2020-03-05:07,0.0
1159,2020-03-05:08,0.0
1160,2020-03-05:09,0.0
1161,2020-03-05:10,0.0
1162,2020-03-05:11,0.0
1163,2020-03-05:12,0.0
1164,2020-03-05:13,0.0
1165,2020-03-05:14,0.0
1166,2020-03-05:15,0.0
1167,2020-03-05:16,0.0
1168,2020-03-05:17,0.0
1169,2020-03-05:18,0.0
1170,2020-03-05:19,0.0
1171,2020-03-05:20,0.0
1172,2020-03-05:21,0.0
1173,2020-03-05:22,0.0
1174,2020-03-05:23,0.0
1175,2020-03-06:00,0.0
1176,2020-03-06:01,0.0
1177,2020-03-06:02,0.0
1178,2020-03-06:03,0.0
1179,2020-03-06:04,0.0
1180,2020-03-06:05,0.0
1181,2020-03-06:06,0.0
1182,2020-03-06:07,0.0
1183,2020-03-06:08,0.0
1184,2020-03-06:09,0.0
1185,2020-03-06:10,0.0
1186,2020-03-06:11,0.0
1187,2020-03-06:12,0.0
1188,2020-03-06:13,0.0
1189,2020-03-06:14,0.0
1190,2020-03-06:15,0.0
1191,2020-03-06:16,0.0
1192,2020-03-06:17,0.0
1193,2020-03-06:18,0.0
1194,2020-03-06:19,0.0
1195,2020-03-06:20,0.0
1196,2020-03-06:21,0.3
1197,2020-03-06:22,0.7
1198,2020-03-06:23,0.6
1199,2020-03-07:00,0.2
1200,2020-03-07:01,0.4
1201,2020-03-07:02,0.7
1202,2020-03-07:03,0.4
1203,2020-03-07:04,0.0
1204,2020-03-07:05,0.6
1205,2020-03-07:06,0.5
1206,2020-03-07:07,0.7
1207,2020-03-07:08,0.0
1208,2020-03-07:09,0.0
1209,2020-03-07:10,0.0
1210,2020-03-07:11,0.0
1211,2020-03-07:12,0.0
1212,2020-03-07:13,0.0
1213,2020-03-07:14,0.2
1214,2020-03-07:15,0.0
1215,2020-03-07:16,0.0
1216,2020-03-07:17,0.5
1217,2020-03-07:18,0.0
1218,2020-03-07:19,0.0
1219,2020-03-07:20,0.0
1220,2020-03-07:21,0.0
1221,2020-03-07:22,0.0
1222,2020-03-07:23,0.0
1223,2020-03-08:00,0.0
1224,2020-03-08:01,0.0
1225,2020-03-08:02,0.0
1226,2020-03-08:03,0.0
1227,2020-03-08:04,0.0
1228,2020-03-08:05,0.0
1229,2020-03-08:06,0.0
1230,2020-03-08:07,0.0
1231,2020-03-08:08,0.0
1232,2020-03-08:09,0.0
1233,2020-03-08:10,0.0
1234,2020-03-08:11,0.0
1235,2020-03-08:12,0.0
1236,2020-03-08:13,0.0
1237,2020-03-08:14,0.0
1238,2020-03-08:15,0.0
1239,2020-03-08:16,0.0
1240,2020-03-08:17,0.0
1241,2020-03-08:18,0.0
1242,2020-03-08:19,0.0
1243,2020-03-08:20,0.0
1244,2020-03-08:21,0.0
1245,2020-03-08:22,0.0
1246,2020-03-08:23,0.0
1247,2020-03-09:00,0.0
1248,2020-03-09:01,0.0
1249,2020-03-09:02,0.1
1250,2020-03-09:03,0.1
1251,2020-03-09:04,0.0
1252,2020-03-09:05,0.0
1253,2020-03-09:06,0.0
1254,2020-03-09:07,0.0
1255,2020-03-09:08,0.0
1256,2020-03-09:09,0.0
1257,2020-03-09:10,0.0
1258,2020-03-09:11,0.0
1259,2020-03-09:12,0.0
1260,2020-03-09:13,0.0
1261,2020-03-09:14,0.0
1262,2020-03-09:15,0.0
1263,2020-03-09:16,0.0
1264,2020-03-09:17,0.1
1265,2020-03-09:18,0.0
1266,2020-03-09:19,0.0
1267,2020-03-09:20,0.2
1268,2020-03-09:21,0.2
1269,2020-03-09:22,0.0
1270,2020-03-09:23,0.0
1271,2020-03-10:00,0.0
1272,2020-03-10:01,0.0
1273,2020-03-10:02,0.0
1274,2020-03-10:03,0.0
1275,2020-03-10:04,0.0
1276,2020-03-10:05,0.0
1277,2020-03-10:06,0.0
1278,2020-03-10:07,0.0
1279,2020-03-10:08,0.0
1280,2020-03-10:09,0.0
1281,2020-03-10:10,0.0
1282,2020-03-10:11,0.0
1283,2020-03-10:12,0.0
1284,2020-03-10:13,0.0
1285,2020-03-10:14,0.0
1286,2020-03-10:15,0.2
1287,2020-03-10:16,0.1
1288,2020-03-10:17,0.1
1289,2020-03-10:18,0.2
1290,2020-03-10:19,0.4
1291,2020-03-10:20,0.3
1292,2020-03-10:21,0.7
1293,2020-03-10:22,0.8
1294,2020-03-10:23,0.1
1295,2020-03-11:00,0.0
1296,2020-03-11:01,0.0
1297,2020-03-11:02,0.0
1298,2020-03-11:03,0.0
1299,2020-03-11:04,0.0
1300,2020-03-11:05,0.0
1301,2020-03-11:06,0.0
1302,2020-03-11:07,0.0
1303,2020-03-11:08,0.0
1304,2020-03-11:09,0.0
1305,2020-03-11:10,0.0
1306,2020-03-11:11,0.0
1307,2020-03-11:12,0.0
1308,2020-03-11:13,0.0
1309,2020-03-11:14,0.0
1310,2020-03-11:15,0.0
1311,2020-03-11:16,0.0
1312,2020-03-11:17,0.0
1313,2020-03-11:18,0.0
1314,2020-03-11:19,0.0
1315,2020-03-11:20,0.0
1316,2020-03-11:21,0.0
1317,2020-03-11:22,0.0
1318,2020-03-11:23,0.0
1319,2020-03-12:00,0.0
1320,2020-03-12:01,0.0
1321,2020-03-12:02,0.0
1322,2020-03-12:03,0.0
1323,2020-03-12:04,0.0
1324,2020-03-12:05,0.0
1325,2020-03-12:07,0.0
1326,2020-03-12:08,0.0
1327,2020-03-12:09,0.0
1328,2020-03-12:10,0.0
1329,2020-03-12:11,0.0
1330,2020-03-12:12,0.0
1331,2020-03-12:13,0.0
1332,2020-03-12:14,0.0
1333,2020-03-12:15,0.0
1334,2020-03-12:16,0.0
1335,2020-03-12:17,0.0
1336,2020-03-12:18,0.0
1337,2020-03-12:19,0.0
1338,2020-03-12:20,0.0
1339,2020-03-12:21,0.0
1340,2020-03-12:22,0.0
1341,2020-03-12:23,0.0
1342,2020-03-13:00,0.0
1343,2020-03-13:01,0.0
1344,2020-03-13:02,0.0
1345,2020-03-13:03,0.0
1346,2020-03-13:04,0.0
1347,2020-03-13:05,0.0
1348,2020-03-13:06,0.0
1349,2020-03-13:07,0.0
1350,2020-03-13:08,0.0
1351,2020-03-13:09,0.0
1352,2020-03-13:10,0.0
1353,2020-03-13:11,0.0
1354,2020-03-13:12,0.0
1355,2020-03-13:13,0.1
1356,2020-03-13:14,0.0
1357,2020-03-13:15,0.0
1358,2020-03-13:16,0.0
1359,2020-03-13:17,0.0
1360,2020-03-13:18,0.0
1361,2020-03-13:19,0.0
1362,2020-03-13:20,0.0
1363,2020-03-13:21,0.0
1364,2020-03-13:22,0.0
1365,2020-03-13:23,0.0
1366,2020-03-14:00,0.0
1367,2020-03-14:01,0.0
1368,2020-03-14:02,0.0
1369,2020-03-14:03,0.0
1370,2020-03-14:04,0.0
1371,2020-03-14:05,0.0
1372,2020-03-14:06,0.0
1373,2020-03-14:07,0.0
1374,2020-03-14:08,0.0
1375,2020-03-14:09,0.0
1376,2020-03-14:10,0.0
1377,2020-03-14:11,0.0
1378,2020-03-14:12,0.0
1379,2020-03-14:13,0.0
1380,2020-03-14:14,0.0
1381,2020-03-14:15,0.0
1382,2020-03-14:16,0.0
1383,2020-03-14:17,0.0
1384,2020-03-14:18,0.0
1385,2020-03-14:19,0.0
1386,2020-03-14:20,0.0
1387,2020-03-14:21,0.0
1388,2020-03-14:22,0.0
1389,2020-03-14:23,0.0
1390,2020-03-15:00,0.0
1391,2020-03-15:01,0.0
1392,2020-03-15:02,0.0
1393,2020-03-15:03,0.0
1394,2020-03-15:04,0.0
1395,2020-03-15:05,0.0
1396,2020-03-15:06,0.0
1397,2020-03-15:07,0.0
1398,2020-03-15:08,0.0
1399,2020-03-15:09,0.0
1400,2020-03-15:10,0.0
1401,2020-03-15:11,0.0
1402,2020-03-15:12,0.0
1403,2020-03-15:13,0.0
1404,2020-03-15:14,0.0
1405,2020-03-15:15,0.0
1406,2020-03-15:16,0.0
1407,2020-03-15:17,0.1
1408,2020-03-15:18,0.0
1409,2020-03-15:19,0.0
1410,2020-03-15:20,0.0
1411,2020-03-15:21,0.0
1412,2020-03-15:22,0.0
1413,2020-03-15:23,0.0
1414,2020-03-16:00,0.0
1415,2020-03-16:01,0.0
1416,2020-03-16:02,0.0
1417,2020-03-16:03,0.0
1418,2020-03-16:04,0.0
1419,2020-03-16:05,0.0
1420,2020-03-16:06,0.0
1421,2020-03-16:07,0.0
1422,2020-03-16:08,0.1
1423,2020-03-16:09,0.3
1424,2020-03-16:10,0.1
1425,2020-03-16:11,0.0
1426,2020-03-16:12,0.0
1427,2020-03-16:13,0.0
1428,2020-03-16:14,0.0
1429,2020-03-16:15,0.0
1430,2020-03-16:16,0.0
1431,2020-03-16:17,0.0
1432,2020-03-16:18,0.0
1433,2020-03-16:19,0.0
1434,2020-03-16:20,0.0
1435,2020-03-16:21,0.0
1436,2020-03-16:22,0.0
1437,2020-03-16:23,0.0
1438,2020-03-17:00,0.0
1439,2020-03-17:01,0.0
1440,2020-03-17:02,0.0
1441,2020-03-17:03,0.0
1442,2020-03-17:04,0.0
1443,2020-03-17:05,0.0
1444,2020-03-17:06,0.0
1445,2020-03-17:07,0.0
1446,2020-03-17:08,0.0
1447,2020-03-17:09,0.0
1448,2020-03-17:10,0.0
1449,2020-03-17:11,0.0
1450,2020-03-17:12,0.0
1451,2020-03-17:13,0.0
1452,2020-03-17:14,0.0
1453,2020-03-17:15,0.0
1454,2020-03-17:16,0.0
1455,2020-03-17:17,0.0
1456,2020-03-17:18,0.0
1457,2020-03-17:19,0.0
1458,2020-03-17:20,0.0
1459,2020-03-17:21,0.0
1460,2020-03-17:22,0.0
1461,2020-03-17:23,0.0
1462,2020-03-18:00,0.0
1463,2020-03-18:01,0.0
1464,2020-03-18:02,0.0
1465,2020-03-18:03,0.0
1466,2020-03-18:04,0.0
1467,2020-03-18:05,0.0
1468,2020-03-18:06,0.0
1469,2020-03-18:07,0.0
1470,2020-03-18:08,0.0
1471,2020-03-18:09,0.0
1472,2020-03-18:10,0.0
1473,2020-03-18:11,0.0
1474,2020-03-18:12,0.0
1475,2020-03-18:13,0.0
1476,2020-03-18:14,0.0
1477,2020-03-18:15,0.0
1478,2020-03-18:16,0.0
1479,2020-03-18:17,0.0
1480,2020-03-18:18,0.0
1481,2020-03-18:19,0.0
1482,2020-03-18:20,0.0
1483,2020-03-18:21,0.0
1484,2020-03-18:22,0.0
1485,2020-03-18:23,0.0
1486,2020-03-19:00,0.0
1487,2020-03-19:01,0.0
1488,2020-03-19:02,0.0
1489,2020-03-19:03,0.0
1490,2020-03-19:04,0.0
1491,2020-03-19:05,0.0
1492,2020-03-19:06,0.0
1493,2020-03-19:07,0.0
1494,2020-03-19:08,0.0
1495,2020-03-19:09,0.0
1496,2020-03-19:10,0.0
1497,2020-03-19:11,0.0
1498,2020-03-19:12,0.0
1499,2020-03-19:13,0.0
1500,2020-03-19:14,0.0
1501,2020-03-19:15,0.0
1502,2020-03-19:16,0.0
1503,2020-03-19:17,0.0
1504,2020-03-19:18,0.0
1505,2020-03-19:19,0.0
1506,2020-03-19:20,0.0
1507,2020-03-19:21,0.0
1508,2020-03-19:22,0.0
1509,2020-03-19:23,0.0
1510,2020-03-20:00,0.0
1511,2020-03-20:01,0.0
1512,2020-03-20:02,0.0
1513,2020-03-20:03,0.0
1514,2020-03-20:04,0.0
1515,2020-03-20:05,0.0
1516,2020-03-20:06,0.0
1517,2020-03-20:07,0.0
1518,2020-03-20:08,0.0
1519,2020-03-20:09,0.0
1520,2020-03-20:10,0.0
1521,2020-03-20:11,0.0
1522,2020-03-20:12,0.0
1523,2020-03-20:13,0.0
1524,2020-03-20:14,0.0
1525,2020-03-20:15,0.0
1526,2020-03-20:16,0.0
1527,2020-03-20:17,0.0
1528,2020-03-20:18,0.0
1529,2020-03-20:19,0.0
1530,2020-03-20:20,0.0
1531,2020-03-20:21,0.0
1532,2020-03-20:22,0.0
1533,2020-03-20:23,0.0
1534,2020-03-21:00,0.0
1535,2020-03-21:01,0.0
1536,2020-03-21:02,0.0
1537,2020-03-21:03,0.0
1538,2020-03-21:04,0.0
1539,2020-03-21:05,0.0
1540,2020-03-21:06,0.0
1541,2020-03-21:07,0.0
1542,2020-03-21:08,0.0
1543,2020-03-21:09,0.0
1544,2020-03-21:10,0.0
1545,2020-03-21:11,0.0
1546,2020-03-21:12,0.0
1547,2020-03-21:13,0.0
1548,2020-03-21:14,0.0
1549,2020-03-21:15,0.0
1550,2020-03-21:16,0.0
1551,2020-03-21:17,0.0
1552,2020-03-21:18,0.0
1553,2020-03-21:19,0.0
1554,2020-03-21:20,0.0
1555,2020-03-21:21,0.0
1556,2020-03-21:22,0.0
1557,2020-03-21:23,0.0
1558,2020-03-22:00,0.0
1559,2020-03-22:01,0.0
1560,2020-03-22:02,0.0
1561,2020-03-22:03,0.0
1562,2020-03-22:04,0.0
1563,2020-03-22:05,0.0
1564,2020-03-22:06,0.0
1565,2020-03-22:07,0.0
1566,2020-03-22:08,0.0
1567,2020-03-22:09,0.0
1568,2020-03-22:10,0.0
1569,2020-03-22:11,0.0
1570,2020-03-22:12,0.0
1571,2020-03-22:13,0.0
1572,2020-03-22:14,0.0
1573,2020-03-22:15,0.0
1574,2020-03-22:16,0.0
1575,2020-03-22:17,0.0
1576,2020-03-22:18,0.0
1577,2020-03-22:19,0.0
1578,2020-03-22:20,0.0
1579,2020-03-22:21,0.0
1580,2020-03-22:22,0.0
1581,2020-03-22:23,0.0
1582,2020-03-23:00,0.0
1583,2020-03-23:01,0.0
1584,2020-03-23:02,0.0
1585,2020-03-23:03,0.0
1586,2020-03-23:04,0.0
1587,2020-03-23:05,0.0
1588,2020-03-23:06,0.0
1589,2020-03-23:07,0.0
1590,2020-03-23:08,0.0
1591,2020-03-23:09,0.0
1592,2020-03-23:10,0.0
1593,2020-03-23:11,0.0
1594,2020-03-23:12,0.0
1595,2020-03-23:13,0.0
1596,2020-03-23:14,0.0
1597,2020-03-23:15,0.0
1598,2020-03-23:16,0.0
1599,2020-03-23:17,0.0
1600,2020-03-23:18,0.0
1601,2020-03-23:19,0.0
1602,2020-03-23:20,0.0
1603,2020-03-23:21,0.0
1604,2020-03-23:22,0.0
1605,2020-03-23:23,0.0
1606,2020-03-24:00,0.0
1607,2020-03-24:01,0.0
1608,2020-03-24:02,0.0
1609,2020-03-24:03,0.0
1610,2020-03-24:04,0.0
1611,2020-03-24:05,0.0
1612,2020-03-24:06,0.0
1613,2020-03-24:07,0.0
1614,2020-03-24:08,0.0
1615,2020-03-24:09,0.0
1616,2020-03-24:10,0.0
1617,2020-03-24:11,0.0
1618,2020-03-24:12,0.0
1619,2020-03-24:13,0.0
1620,2020-03-24:14,0.0
1621,2020-03-24:15,0.0
1622,2020-03-24:16,0.0
1623,2020-03-24:17,0.0
1624,2020-03-24:18,0.0
1625,2020-03-24:19,0.0
1626,2020-03-24:20,0.0
1627,2020-03-24:21,0.0
1628,2020-03-24:22,0.0
1629,2020-03-24:23,0.0
1630,2020-03-25:00,0.0
1631,2020-03-25:01,0.0
1632,2020-03-25:02,0.0
1633,2020-03-25:03,0.0
1634,2020-03-25:04,0.0
1635,2020-03-25:05,0.0
1636,2020-03-25:06,0.0
1637,2020-03-25:07,0.0
1638,2020-03-25:08,0.0
1639,2020-03-25:09,0.0
1640,2020-03-25:10,0.0
1641,2020-03-25:11,0.0
1642,2020-03-25:12,0.0
1643,2020-03-25:13,0.0
1644,2020-03-25:14,0.0
1645,2020-03-25:15,0.0
1646,2020-03-25:16,0.0
1647,2020-03-25:17,0.0
1648,2020-03-25:18,0.0
1649,2020-03-25:19,0.0
1650,2020-03-25:20,0.0
1651,2020-03-25:21,0.0
1652,2020-03-25:22,0.0
1653,2020-03-25:23,0.0
1654,2020-03-26:00,0.0
1655,2020-03-26:01,0.0
1656,2020-03-26:02,0.0
1657,2020-03-26:03,0.0
1658,2020-03-26:04,0.0
1659,2020-03-26:05,0.0
1660,2020-03-26:06,0.0
1661,2020-03-26:07,0.0
1662,2020-03-26:08,0.0
1663,2020-03-26:09,0.0
1664,2020-03-26:10,0.0
1665,2020-03-26:11,0.0
1666,2020-03-26:12,0.0
1667,2020-03-26:13,0.0
1668,2020-03-26:14,0.0
1669,2020-03-26:15,0.0
1670,2020-03-26:16,0.0
1671,2020-03-26:17,0.0
1672,2020-03-26:18,0.0
1673,2020-03-26:19,0.0
1674,2020-03-26:20,0.0
1675,2020-03-26:21,0.0
1676,2020-03-26:22,0.0
1677,2020-03-26:23,0.0
1678,2020-03-27:00,0.0
1679,2020-03-27:01,0.0
1680,2020-03-27:02,0.0
1681,2020-03-27:03,0.0
1682,2020-03-27:04,0.0
1683,2020-03-27:05,0.0
1684,2020-03-27:06,0.0
1685,2020-03-27:07,0.0
1686,2020-03-27:08,0.0
1687,2020-03-27:09,0.0
1688,2020-03-27:10,0.0
1689,2020-03-27:11,0.0
1690,2020-03-27:12,0.0
1691,2020-03-27:13,0.0
1692,2020-03-27:14,0.0
1693,2020-03-27:15,0.0
1694,2020-03-27:16,0.0
1695,2020-03-27:17,0.0
1696,2020-03-27:18,0.0
1697,2020-03-27:19,0.0
1698,2020-03-27:20,0.0
1699,2020-03-27:21,0.0
1700,2020-03-27:22,0.0
1701,2020-03-27:23,0.0
1702,2020-03-28:00,0.0
1703,2020-03-28:01,0.0
1704,2020-03-28:02,0.0
1705,2020-03-28:03,0.0
1706,2020-03-28:04,0.0
1707,2020-03-28:05,0.0
1708,2020-03-28:06,0.0
1709,2020-03-28:07,0.0
1710,2020-03-28:08,0.0
1711,2020-03-28:09,0.0
1712,2020-03-28:10,0.0
1713,2020-03-28:11,0.0
1714,2020-03-28:12,0.0
1715,2020-03-28:13,0.0
1716,2020-03-28:14,0.0
1717,2020-03-28:15,0.0
1718,2020-03-28:16,0.0
1719,2020-03-28:17,0.0
1720,2020-03-28:18,0.0
1721,2020-03-28:19,0.0
1722,2020-03-28:20,0.0
1723,2020-03-28:21,0.0
1724,2020-03-28:22,0.0
1725,2020-03-28:23,0.0
1726,2020-03-29:00,0.3
1727,2020-03-29:01,0.3
1728,2020-03-29:02,0.1
1729,2020-03-29:03,0.0
1730,2020-03-29:04,0.0
1731,2020-03-29:05,0.0
1732,2020-03-29:06,0.0
1733,2020-03-29:07,0.0
1734,2020-03-29:08,0.0
1735,2020-03-29:09,0.0
1736,2020-03-29:10,0.0
1737,2020-03-29:11,0.0
1738,2020-03-29:12,0.0
1739,2020-03-29:13,0.0
1740,2020-03-29:14,0.0
1741,2020-03-29:15,0.0
1742,2020-03-29:16,0.0
1743,2020-03-29:17,0.0
1744,2020-03-29:18,0.0
1745,2020-03-29:19,0.0
1746,2020-03-29:20,0.0
1747,2020-03-29:21,0.0
1748,2020-03-29:22,0.0
1749,2020-03-29:23,0.0
1750,2020-03-30:00,0.0
1751,2020-03-30:01,0.0
1752,2020-03-30:02,0.0
1753,2020-03-30:03,0.0
1754,2020-03-30:04,0.0
1755,2020-03-30:05,0.0
1756,2020-03-30:06,0.0
1757,2020-03-30:07,0.0
1758,2020-03-30:08,0.0
1759,2020-03-30:09,0.0
1760,2020-03-30:10,0.0
1761,2020-03-30:11,0.0
1762,2020-03-30:12,0.0
1763,2020-03-30:13,0.0
1764,2020-03-30:14,0.0
1765,2020-03-30:15,0.0
1766,2020-03-30:16,0.0
1767,2020-03-30:17,0.0
1768,2020-03-30:18,0.0
1769,2020-03-30:19,0.0
1770,2020-03-30:20,0.0
1771,2020-03-30:21,0.0
1772,2020-03-30:22,0.0
1773,2020-03-30:23,0.0
1774,2020-03-31:00,0.0
1775,2020-03-31:01,0.0
1776,2020-03-31:02,0.0
1777,2020-03-31:03,0.0
1778,2020-03-31:04,0.0
1779,2020-03-31:05,0.0
1780,2020-03-31:06,0.0
1781,2020-03-31:07,0.0
1782,2020-03-31:08,0.0
1783,2020-03-31:09,0.0
1784,2020-03-31:10,0.0
1785,2020-03-31:11,0.0
1786,2020-03-31:12,0.0
1787,2020-03-31:13,0.0
1788,2020-03-31:14,0.0
1789,2020-03-31:15,0.0
1790,2020-03-31:16,0.0
1791,2020-03-31:17,0.0
1792,2020-03-31:18,0.0
1793,2020-03-31:19,0.0
1794,2020-03-31:20,0.0
1795,2020-03-31:21,0.0
1796,2020-03-31:22,0.0
1797,2020-03-31:23,0.0
1798,2020-04-01:00,0.0
1799,2020-04-01:01,0.0
1800,2020-04-01:02,0.1
1801,2020-04-01:03,0.0
1802,2020-04-01:04,0.0
1803,2020-04-01:05,0.0
1804,2020-04-01:06,0.0
1805,2020-04-01:07,0.0
1806,2020-04-01:08,0.0
1807,2020-04-01:09,0.0
1808,2020-04-01:10,0.0
1809,2020-04-01:11,0.0
1810,2020-04-01:12,0.0
1811,2020-04-01:13,0.0
1812,2020-04-01:14,0.0
1813,2020-04-01:15,0.0
1814,2020-04-01:16,0.0
1815,2020-04-01:17,0.0
1816,2020-04-01:18,0.0
1817,2020-04-01:19,0.0
1818,2020-04-01:20,0.0
1819,2020-04-01:21,0.0
1820,2020-04-01:22,0.0
1821,2020-04-01:23,0.0
1822,2020-04-02:00,0.0
1823,2020-04-02:01,0.0
1824,2020-04-02:02,0.0
1825,2020-04-02:03,0.0
1826,2020-04-02:04,0.0
1827,2020-04-02:05,0.0
1828,2020-04-02:06,0.0
1829,2020-04-02:07,0.0
1830,2020-04-02:08,0.0
1831,2020-04-02:09,0.0
1832,2020-04-02:10,0.0
1833,2020-04-02:11,0.0
1834,2020-04-02:12,0.0
1835,2020-04-02:13,0.0
1836,2020-04-02:14,0.0
1837,2020-04-02:15,0.0
1838,2020-04-02:16,0.0
1839,2020-04-02:17,0.0
1840,2020-04-02:18,0.0
1841,2020-04-02:19,0.6
1842,2020-04-02:20,0.2
1843,2020-04-02:21,0.0
1844,2020-04-02:22,0.0
1845,2020-04-02:23,0.0
1846,2020-04-03:00,0.0
1847,2020-04-03:01,0.0
1848,2020-04-03:02,0.0
1849,2020-04-03:03,0.0
1850,2020-04-03:04,0.0
1851,2020-04-03:05,0.0
1852,2020-04-03:06,0.0
1853,2020-04-03:07,0.0
1854,2020-04-03:08,0.0
1855,2020-04-03:09,0.0
1856,2020-04-03:10,0.0
1857,2020-04-03:11,0.0
1858,2020-04-03:12,0.0
1859,2020-04-03:13,0.0
1860,2020-04-03:14,0.0
1861,2020-04-03:15,0.0
1862,2020-04-03:16,0.0
1863,2020-04-03:17,0.0
1864,2020-04-03:18,0.0
1865,2020-04-03:19,0.0
1866,2020-04-03:20,0.0
1867,2020-04-03:21,0.0
1868,2020-04-03:22,0.0
1869,2020-04-03:23,0.0
1870,2020-04-04:00,0.0
1871,2020-04-04:01,0.0
1872,2020-04-04:02,0.0
1873,2020-04-04:03,0.0
1874,2020-04-04:04,0.0
1875,2020-04-04:05,0.0
1876,2020-04-04:06,0.0
1877,2020-04-04:07,0.0
1878,2020-04-04:08,0.0
1879,2020-04-04:09,0.0
1880,2020-04-04:10,0.0
1881,2020-04-04:11,0.0
1882,2020-04-04:12,0.0
1883,2020-04-04:13,0.0
1884,2020-04-04:14,0.0
1885,2020-04-04:15,0.0
1886,2020-04-04:16,0.0
1887,2020-04-04:17,0.0
1888,2020-04-04:18,0.0
1889,2020-04-04:19,0.0
1890,2020-04-04:20,0.0
1891,2020-04-04:21,0.0
1892,2020-04-04:22,0.0
1893,2020-04-04:23,0.0
1894,2020-04-05:00,0.0
1895,2020-04-05:01,0.0
1896,2020-04-05:02,0.0
1897,2020-04-05:03,0.0
1898,2020-04-05:04,0.0
1899,2020-04-05:05,0.0
1900,2020-04-05:06,0.0
1901,2020-04-05:07,0.0
1902,2020-04-05:08,0.0
1903,2020-04-05:09,0.0
1904,2020-04-05:10,0.0
1905,2020-04-05:11,0.0
1906,2020-04-05:12,0.0
1907,2020-04-05:13,0.0
1908,2020-04-05:14,0.0
1909,2020-04-05:15,0.0
1910,2020-04-05:16,0.0
1911,2020-04-05:17,0.0
1912,2020-04-05:18,0.0
1913,2020-04-05:19,0.0
1914,2020-04-05:20,0.0
1915,2020-04-05:21,0.0
1916,2020-04-05:22,0.0
1917,2020-04-05:23,0.0
1918,2020-04-06:00,0.0
1919,2020-04-06:01,0.0
1920,2020-04-06:02,0.0
1921,2020-04-06:03,0.0
1922,2020-04-06:04,0.0
1923,2020-04-06:05,0.0
1924,2020-04-06:06,0.0
1925,2020-04-06:07,0.0
1926,2020-04-06:08,0.0
1927,2020-04-06:09,0.0
1928,2020-04-06:10,0.0
1929,2020-04-06:11,0.0
1930,2020-04-06:12,0.0
1931,2020-04-06:13,0.0
1932,2020-04-06:14,0.0
1933,2020-04-06:15,0.0
1934,2020-04-06:16,0.0
1935,2020-04-06:17,0.0
1936,2020-04-06:18,0.0
1937,2020-04-06:19,0.0
1938,2020-04-06:20,0.0
1939,2020-04-06:21,0.0
1940,2020-04-06:22,0.0
1941,2020-04-06:23,0.0
1942,2020-04-07:00,0.0
1943,2020-04-07:01,0.0
1944,2020-04-07:02,0.0
1945,2020-04-07:03,0.0
1946,2020-04-07:04,0.0
1947,2020-04-07:05,0.0
1948,2020-04-07:06,0.0
1949,2020-04-07:07,0.0
1950,2020-04-07:08,0.0
1951,2020-04-07:09,0.0
1952,2020-04-07:10,0.0
1953,2020-04-07:11,0.0
1954,2020-04-07:12,0.0
1955,2020-04-07:13,0.0
1956,2020-04-07:14,0.0
1957,2020-04-07:15,0.0
1958,2020-04-07:16,0.0
1959,2020-04-07:17,0.0
1960,2020-04-07:18,0.0
1961,2020-04-07:19,0.0
1962,2020-04-07:20,0.0
1963,2020-04-07:21,0.0
1964,2020-04-07:22,0.0
1965,2020-04-07:23,0.0
1966,2020-04-08:00,0.0
1967,2020-04-08:01,0.0
1968,2020-04-08:02,0.0
1969,2020-04-08:03,0.0
1970,2020-04-08:04,0.0
1971,2020-04-08:05,0.0
1972,2020-04-08:06,0.0
1973,2020-04-08:07,0.0
1974,2020-04-08:08,0.0
1975,2020-04-08:09,0.0
1976,2020-04-08:10,0.0
1977,2020-04-08:11,0.0
1978,2020-04-08:12,0.0
1979,2020-04-08:13,0.0
1980,2020-04-08:14,0.0
1981,2020-04-08:15,0.0
1982,2020-04-08:16,0.0
1983,2020-04-08:17,0.0
1984,2020-04-08:18,0.0
1985,2020-04-08:19,0.0
1986,2020-04-08:20,0.0
1987,2020-04-08:21,0.0
1988,2020-04-08:22,0.0
1989,2020-04-08:23,0.0
1990,2020-04-09:00,0.0
1991,2020-04-09:01,0.0
1992,2020-04-09:02,0.0
1993,2020-04-09:03,0.0
1994,2020-04-09:04,0.0
1995,2020-04-09:05,0.0
1996,2020-04-09:06,0.0
1997,2020-04-09:07,0.0
1998,2020-04-09:08,0.0
1999,2020-04-09:09,0.0
2000,2020-04-09:10,0.0
2001,2020-04-09:11,0.0
2002,2020-04-09:12,0.0
2003,2020-04-09:13,0.0
2004,2020-04-09:14,0.0
2005,2020-04-09:15,0.0
2006,2020-04-09:16,0.0
2007,2020-04-09:17,0.0
2008,2020-04-09:18,0.0
2009,2020-04-09:19,0.0
2010,2020-04-09:20,0.0
2011,2020-04-09:21,0.0
2012,2020-04-09:22,0.0
2013,2020-04-09:23,0.0
2014,2020-04-10:00,0.0
2015,2020-04-10:01,0.0
2016,2020-04-10:02,0.0
2017,2020-04-10:03,0.0
2018,2020-04-10:04,0.0
2019,2020-04-10:05,0.0
2020,2020-04-10:06,0.0
2021,2020-04-10:07,0.0
2022,2020-04-10:08,0.0
2023,2020-04-10:09,0.0
2024,2020-04-10:10,0.0
2025,2020-04-10:11,0.0
2026,2020-04-10:12,0.0
2027,2020-04-10:13,0.0
2028,2020-04-10:14,0.0
2029,2020-04-10:15,0.0
2030,2020-04-10:16,0.0
2031,2020-04-10:17,0.0
2032,2020-04-10:18,0.0
2033,2020-04-10:19,0.0
2034,2020-04-10:20,0.0
2035,2020-04-10:21,0.0
2036,2020-04-10:22,0.0
2037,2020-04-10:23,0.0
2038,2020-04-11:00,0.0
2039,2020-04-11:01,0.0
2040,2020-04-11:02,0.0
2041,2020-04-11:03,0.0
2042,2020-04-11:04,0.0
2043,2020-04-11:05,0.0
2044,2020-04-11:06,0.0
2045,2020-04-11:07,0.0
2046,2020-04-11:08,0.0
2047,2020-04-11:09,0.0
2048,2020-04-11:10,0.0
2049,2020-04-11:11,0.0
2050,2020-04-11:12,0.0
2051,2020-04-11:13,0.0
2052,2020-04-11:14,0.0
2053,2020-04-11:15,0.0
2054,2020-04-11:16,0.0
2055,2020-04-11:17,0.0
2056,2020-04-11:18,0.0
2057,2020-04-11:19,0.0
2058,2020-04-11:20,0.0
2059,2020-04-11:21,0.0
2060,2020-04-11:22,0.0
2061,2020-04-11:23,0.0
2062,2020-04-12:00,0.0
2063,2020-04-12:01,0.1
2064,2020-04-12:02,0.5
2065,2020-04-12:03,0.4
2066,2020-04-12:04,0.2
2067,2020-04-12:05,0.2
2068,2020-04-12:06,0.0
2069,2020-04-12:07,0.0
2070,2020-04-12:08,0.0
2071,2020-04-12:09,0.0
2072,2020-04-12:10,0.0
2073,2020-04-12:11,0.0
2074,2020-04-12:12,0.0
2075,2020-04-12:13,0.0
2076,2020-04-12:14,0.0
2077,2020-04-12:15,0.0
2078,2020-04-12:16,0.0
2079,2020-04-12:17,0.0
2080,2020-04-12:18,0.0
2081,2020-04-12:19,0.0
2082,2020-04-12:20,0.0
2083,2020-04-12:21,0.0
2084,2020-04-12:22,0.0
2085,2020-04-12:23,0.0
2086,2020-04-13:00,0.0
2087,2020-04-13:01,0.0
2088,2020-04-13:02,0.0
2089,2020-04-13:03,0.0
2090,2020-04-13:04,0.0
2091,2020-04-13:05,0.0
2092,2020-04-13:06,0.0
2093,2020-04-13:07,0.0
2094,2020-04-13:08,0.0
2095,2020-04-13:09,0.0
2096,2020-04-13:10,0.0
2097,2020-04-13:11,0.0
2098,2020-04-13:12,0.0
2099,2020-04-13:13,0.0
2100,2020-04-13:14,0.0
2101,2020-04-13:15,0.1
2102,2020-04-13:16,0.0
2103,2020-04-13:17,0.0
2104,2020-04-13:18,0.0
2105,2020-04-13:19,0.0
2106,2020-04-13:20,0.0
2107,2020-04-13:21,0.0
2108,2020-04-13:22,0.0
2109,2020-04-13:23,0.0
2110,2020-04-14:00,0.0
2111,2020-04-14:01,0.0
2112,2020-04-14:02,0.0
2113,2020-04-14:03,0.0
2114,2020-04-14:04,0.0
2115,2020-04-14:05,0.0
2116,2020-04-14:06,0.0
2117,2020-04-14:07,0.0
2118,2020-04-14:08,0.0
2119,2020-04-14:09,0.0
2120,2020-04-14:10,0.0
2121,2020-04-14:11,0.0
2122,2020-04-14:12,0.0
2123,2020-04-14:13,0.0
2124,2020-04-14:14,0.0
2125,2020-04-14:15,0.0
2126,2020-04-14:16,0.0
2127,2020-04-14:17,0.0
2128,2020-04-14:18,0.0
2129,2020-04-14:19,0.0
2130,2020-04-14:20,0.0
2131,2020-04-14:21,0.0
2132,2020-04-14:22,0.0
2133,2020-04-14:23,0.0
2134,2020-04-15:00,0.0
2135,2020-04-15:01,0.0
2136,2020-04-15:02,0.0
2137,2020-04-15:03,0.0
2138,2020-04-15:04,0.0
2139,2020-04-15:05,0.0
2140,2020-04-15:06,0.0
2141,2020-04-15:07,0.0
2142,2020-04-15:08,0.0
2143,2020-04-15:09,0.0
2144,2020-04-15:10,0.0
2145,2020-04-15:11,0.0
2146,2020-04-15:12,0.0
2147,2020-04-15:13,0.0
2148,2020-04-15:14,0.0
2149,2020-04-15:15,0.0
2150,2020-04-15:16,0.0
2151,2020-04-15:17,0.0
2152,2020-04-15:18,0.0
2153,2020-04-15:19,0.0
2154,2020-04-15:20,0.0
2155,2020-04-15:21,0.0
2156,2020-04-15:22,0.0
2157,2020-04-15:23,0.0
2158,2020-04-16:00,0.0
2159,2020-04-16:01,0.0
2160,2020-04-16:02,0.0
2161,2020-04-16:03,0.0
2162,2020-04-16:04,0.0
2163,2020-04-16:05,0.0
2164,2020-04-16:06,0.0
2165,2020-04-16:07,0.0
2166,2020-04-16:08,0.0
2167,2020-04-16:09,0.0
2168,2020-04-16:10,0.0
2169,2020-04-16:11,0.0
2170,2020-04-16:12,0.0
2171,2020-04-16:13,0.0
2172,2020-04-16:14,0.0
2173,2020-04-16:15,0.0
2174,2020-04-16:16,0.0
2175,2020-04-16:17,0.0
2176,2020-04-16:18,0.0
2177,2020-04-16:19,0.0
2178,2020-04-16:20,0.0
2179,2020-04-16:21,0.0
2180,2020-04-16:22,0.0
2181,2020-04-16:23,0.0
2182,2020-04-17:00,0.0
2183,2020-04-17:01,0.0
2184,2020-04-17:02,0.0
2185,2020-04-17:03,0.0
2186,2020-04-17:04,0.0
2187,2020-04-17:05,0.0
2188,2020-04-17:06,0.0
2189,2020-04-17:07,0.0
2190,2020-04-17:08,0.0
2191,2020-04-17:09,0.0
2192,2020-04-17:10,0.0
2193,2020-04-17:11,0.0
2194,2020-04-17:12,0.0
2195,2020-04-17:13,0.0
2196,2020-04-17:14,0.0
2197,2020-04-17:15,0.0
2198,2020-04-17:16,0.0
2199,2020-04-17:17,0.0
2200,2020-04-17:18,0.0
2201,2020-04-17:19,0.0
2202,2020-04-17:20,0.0
2203,2020-04-17:21,0.0
2204,2020-04-17:22,0.0
2205,2020-04-17:23,0.0
2206,2020-04-18:00,0.0
2207,2020-04-18:01,0.0
2208,2020-04-18:02,0.0
2209,2020-04-18:03,0.0
2210,2020-04-18:04,0.0
2211,2020-04-18:05,0.0
2212,2020-04-18:06,0.0
2213,2020-04-18:07,0.0
2214,2020-04-18:08,0.0
2215,2020-04-18:09,0.0
2216,2020-04-18:10,0.0
2217,2020-04-18:11,0.0
2218,2020-04-18:12,0.0
2219,2020-04-18:13,0.0
2220,2020-04-18:14,0.0
2221,2020-04-18:15,0.0
2222,2020-04-18:16,0.0
2223,2020-04-18:17,0.0
2224,2020-04-18:18,0.0
2225,2020-04-18:19,0.0
2226,2020-04-18:20,0.0
2227,2020-04-18:21,0.0
2228,2020-04-18:22,0.0
2229,2020-04-18:23,0.0
2230,2020-04-19:00,0.0
2231,2020-04-19:01,0.0
2232,2020-04-19:02,0.0
2233,2020-04-19:03,0.0
2234,2020-04-19:04,0.0
2235,2020-04-19:05,0.0
2236,2020-04-19:06,0.0
2237,2020-04-19:07,0.0
2238,2020-04-19:08,0.0
2239,2020-04-19:09,0.0
2240,2020-04-19:10,0.0
2241,2020-04-19:11,0.0
2242,2020-04-19:12,0.0
2243,2020-04-19:13,0.0
2244,2020-04-19:14,0.0
2245,2020-04-19:15,0.0
2246,2020-04-19:16,0.0
2247,2020-04-19:17,0.0
2248,2020-04-19:18,0.0
2249,2020-04-19:19,0.0
2250,2020-04-19:20,0.0
2251,2020-04-19:21,0.0
2252,2020-04-19:22,0.0
2253,2020-04-19:23,0.0
2254,2020-04-20:00,0.0
2255,2020-04-20:01,0.0
2256,2020-04-20:02,0.0
2257,2020-04-20:03,0.0
2258,2020-04-20:04,0.0
2259,2020-04-20:05,0.0
2260,2020-04-20:06,0.0
2261,2020-04-20:07,0.0
2262,2020-04-20:08,0.0
2263,2020-04-20:09,0.0
2264,2020-04-20:10,0.0
2265,2020-04-20:11,0.0
2266,2020-04-20:12,0.0
2267,2020-04-20:13,0.0
2268,2020-04-20:14,0.0
2269,2020-04-20:15,0.0
2270,2020-04-20:16,0.0
2271,2020-04-20:17,0.0
2272,2020-04-20:18,0.0
2273,2020-04-20:19,0.0
2274,2020-04-20:20,0.0
2275,2020-04-20:21,0.0
2276,2020-04-20:22,0.0
2277,2020-04-20:23,0.0
2278,2020-04-21:00,0.0
2279,2020-04-21:01,0.0
2280,2020-04-21:02,0.0
2281,2020-04-21:03,0.0
2282,2020-04-21:04,0.0
2283,2020-04-21:05,0.0
2284,2020-04-21:06,0.0
2285,2020-04-21:07,0.0
2286,2020-04-21:08,0.0
2287,2020-04-21:09,0.0
2288,2020-04-21:10,0.0
2289,2020-04-21:11,0.0
2290,2020-04-21:12,0.0
2291,2020-04-21:13,0.0
2292,2020-04-21:14,0.0
2293,2020-04-21:15,0.0
2294,2020-04-21:16,0.0
2295,2020-04-21:17,0.0
2296,2020-04-21:18,0.0
2297,2020-04-21:19,0.0
2298,2020-04-21:20,0.0
2299,2020-04-21:21,0.0
2300,2020-04-21:22,0.0
2301,2020-04-21:23,0.0
2302,2020-04-22:00,0.0
2303,2020-04-22:01,0.0
2304,2020-04-22:02,0.0
2305,2020-04-22:03,0.0
2306,2020-04-22:04,0.0
2307,2020-04-22:05,0.0
2308,2020-04-22:06,0.0
2309,2020-04-22:07,0.0
2310,2020-04-22:08,0.0
2311,2020-04-22:09,0.0
2312,2020-04-22:10,0.0
2313,2020-04-22:11,0.0
2314,2020-04-22:12,0.0
2315,2020-04-22:13,0.0
2316,2020-04-22:14,0.0
2317,2020-04-22:15,0.0
2318,2020-04-22:16,0.0
2319,2020-04-22:17,0.0
2320,2020-04-22:18,0.0
2321,2020-04-22:19,0.0
2322,2020-04-22:20,0.0
2323,2020-04-22:21,0.0
2324,2020-04-22:22,0.0
2325,2020-04-22:23,0.0
2326,2020-04-23:00,0.0
2327,2020-04-23:01,0.0
2328,2020-04-23:02,0.0
2329,2020-04-23:03,0.0
2330,2020-04-23:04,0.0
2331,2020-04-23:05,0.0
2332,2020-04-23:06,0.0
2333,2020-04-23:07,0.0
2334,2020-04-23:08,0.0
2335,2020-04-23:09,0.0
2336,2020-04-23:10,0.0
2337,2020-04-23:11,0.0
2338,2020-04-23:12,0.0
2339,2020-04-23:13,0.0
2340,2020-04-23:14,0.0
2341,2020-04-23:15,0.0
2342,2020-04-23:16,0.0
2343,2020-04-23:17,0.0
2344,2020-04-23:18,0.0
2345,2020-04-23:19,0.0
2346,2020-04-23:20,0.0
2347,2020-04-23:21,0.0
2348,2020-04-23:22,0.0
2349,2020-04-23:23,0.0
2350,2020-04-24:00,0.0
2351,2020-04-24:01,0.0
2352,2020-04-24:02,0.0
2353,2020-04-24:03,0.0
2354,2020-04-24:04,0.0
2355,2020-04-24:05,0.0
2356,2020-04-24:06,0.0
2357,2020-04-24:07,0.0
2358,2020-04-24:08,0.0
2359,2020-04-24:09,0.0
2360,2020-04-24:10,0.0
2361,2020-04-24:11,0.0
2362,2020-04-24:12,0.0
2363,2020-04-24:13,0.0
2364,2020-04-24:14,0.0
2365,2020-04-24:15,0.0
2366,2020-04-24:16,0.0
2367,2020-04-24:17,0.0
2368,2020-04-24:18,0.1
2369,2020-04-24:19,0.0
2370,2020-04-24:20,0.0
2371,2020-04-24:21,0.2
2372,2020-04-24:22,0.0
2373,2020-04-24:23,0.0
2374,2020-04-25:00,0.0
2375,2020-04-25:01,0.0
2376,2020-04-25:02,0.0
2377,2020-04-25:03,0.0
2378,2020-04-25:04,0.0
2379,2020-04-25:05,0.0
2380,2020-04-25:06,0.0
2381,2020-04-25:07,0.0
2382,2020-04-25:08,0.0
2383,2020-04-25:09,0.0
2384,2020-04-25:10,0.0
2385,2020-04-25:11,0.4
2386,2020-04-25:12,0.0
2387,2020-04-25:13,0.0
2388,2020-04-25:14,0.0
2389,2020-04-25:15,0.0
2390,2020-04-25:16,0.0
2391,2020-04-25:17,0.0
2392,2020-04-25:18,0.0
2393,2020-04-25:19,0.0
2394,2020-04-25:20,0.0
2395,2020-04-25:21,0.0
2396,2020-04-25:22,0.0
2397,2020-04-25:23,0.0
2398,2020-04-26:00,0.0
2399,2020-04-26:01,0.0
2400,2020-04-26:02,0.0
2401,2020-04-26:03,0.0
2402,2020-04-26:04,0.0
2403,2020-04-26:05,0.0
2404,2020-04-26:06,0.0
2405,2020-04-26:07,0.0
2406,2020-04-26:08,0.0
2407,2020-04-26:09,0.0
2408,2020-04-26:10,0.0
2409,2020-04-26:11,0.0
2410,2020-04-26:12,0.0
2411,2020-04-26:13,0.0
2412,2020-04-26:14,0.0
2413,2020-04-26:15,0.0
2414,2020-04-26:16,0.0
2415,2020-04-26:17,0.0
2416,2020-04-26:18,0.0
2417,2020-04-26:19,0.0
2418,2020-04-26:20,0.0
2419,2020-04-26:21,0.0
2420,2020-04-26:22,0.0
2421,2020-04-26:23,0.0
2422,2020-04-27:00,0.0
2423,2020-04-27:01,0.0
2424,2020-04-27:02,0.0
2425,2020-04-27:03,0.0
2426,2020-04-27:04,0.0
2427,2020-04-27:05,0.0
2428,2020-04-27:06,0.0
2429,2020-04-27:07,0.0
2430,2020-04-27:08,0.0
2431,2020-04-27:09,0.0
2432,2020-04-27:10,0.0
2433,2020-04-27:11,0.0
2434,2020-04-27:12,0.0
2435,2020-04-27:13,0.0
2436,2020-04-27:14,0.0
2437,2020-04-27:15,0.0
2438,2020-04-27:16,0.0
2439,2020-04-27:17,0.0
2440,2020-04-27:18,0.0
2441,2020-04-27:19,0.0
2442,2020-04-27:20,0.0
2443,2020-04-27:21,0.0
2444,2020-04-27:22,0.1
2445,2020-04-27:23,0.0
2446,2020-04-28:00,0.0
2447,2020-04-28:01,0.0
2448,2020-04-28:02,0.2
2449,2020-04-28:03,0.1
2450,2020-04-28:04,0.5
2451,2020-04-28:05,0.0
2452,2020-04-28:06,0.0
2453,2020-04-28:07,0.0
2454,2020-04-28:08,0.1
2455,2020-04-28:09,0.3
2456,2020-04-28:10,0.0
2457,2020-04-28:11,0.0
2458,2020-04-28:12,0.0
2459,2020-04-28:13,0.1
2460,2020-04-28:14,0.0
2461,2020-04-28:15,0.0
2462,2020-04-28:16,0.0
2463,2020-04-28:17,0.0
2464,2020-04-28:18,0.0
2465,2020-04-28:19,0.6
2466,2020-04-28:20,0.0
2467,2020-04-28:21,0.0
2468,2020-04-28:22,0.0
2469,2020-04-28:23,0.0
2470,2020-04-29:00,0.0
2471,2020-04-29:01,0.0
2472,2020-04-29:02,0.0
2473,2020-04-29:03,0.0
2474,2020-04-29:04,0.0
2475,2020-04-29:05,0.0
2476,2020-04-29:06,0.0
2477,2020-04-29:07,0.0
2478,2020-04-29:08,0.0
2479,2020-04-29:09,0.0
2480,2020-04-29:10,0.0
2481,2020-04-29:11,0.0
2482,2020-04-29:12,0.0
2483,2020-04-29:13,0.0
2484,2020-04-29:14,0.0
2485,2020-04-29:15,0.0
2486,2020-04-29:16,0.0
2487,2020-04-29:17,0.0
2488,2020-04-29:18,0.0
2489,2020-04-29:19,0.0
2490,2020-04-29:20,0.0
2491,2020-04-29:21,0.0
2492,2020-04-29:22,0.0
2493,2020-04-29:23,0.0
2494,2020-04-30:00,0.0
2495,2020-04-30:01,0.0
2496,2020-04-30:02,0.0
2497,2020-04-30:03,0.0
2498,2020-04-30:04,0.0
2499,2020-04-30:05,0.0
2500,2020-04-30:06,0.0
2501,2020-04-30:07,0.0
2502,2020-04-30:08,0.0
2503,2020-04-30:09,0.1
2504,2020-04-30:10,0.0
2505,2020-04-30:11,0.0
2506,2020-04-30:12,0.0
2507,2020-04-30:13,0.0
2508,2020-04-30:14,0.0
2509,2020-04-30:15,0.0
2510,2020-04-30:16,0.0
2511,2020-04-30:17,1.0
2512,2020-04-30:18,0.1
2513,2020-04-30:19,0.1
2514,2020-04-30:20,0.0
2515,2020-04-30:21,0.0
2516,2020-04-30:22,0.0
2517,2020-04-30:23,0.0
2518,2020-05-01:00,0.0
2519,2020-05-01:01,0.0
2520,2020-05-01:02,0.0
2521,2020-05-01:03,0.0
2522,2020-05-01:04,0.5
2523,2020-05-01:05,5.0
2524,2020-05-01:06,0.0
2525,2020-05-01:07,0.0
2526,2020-05-01:08,0.0
2527,2020-05-01:09,0.0
2528,2020-05-01:10,0.0
2529,2020-05-01:11,0.0
2530,2020-05-01:12,0.0
2531,2020-05-01:13,0.0
2532,2020-05-01:14,0.0
2533,2020-05-01:15,0.0
2534,2020-05-01:16,0.0
2535,2020-05-01:17,0.0
2536,2020-05-01:18,0.0
2537,2020-05-01:19,0.0
2538,2020-05-01:20,0.0
2539,2020-05-01:21,0.0
2540,2020-05-01:22,0.0
2541,2020-05-01:23,0.0
2542,2020-05-02:00,0.0
2543,2020-05-02:01,0.0
2544,2020-05-02:02,0.0
2545,2020-05-02:03,0.0
2546,2020-05-02:04,0.1
2547,2020-05-02:05,0.0
2548,2020-05-02:06,0.0
2549,2020-05-02:07,0.2
2550,2020-05-02:08,0.0
2551,2020-05-02:09,0.0
2552,2020-05-02:10,0.0
2553,2020-05-02:11,0.0
2554,2020-05-02:12,0.1
2555,2020-05-02:13,0.0
2556,2020-05-02:14,0.0
2557,2020-05-02:15,0.0
2558,2020-05-02:16,0.0
2559,2020-05-02:17,0.0
2560,2020-05-02:18,0.0
2561,2020-05-02:19,0.0
2562,2020-05-02:20,0.0
2563,2020-05-02:21,0.0
2564,2020-05-02:22,0.0
2565,2020-05-02:23,0.0
2566,2020-05-03:00,0.0
2567,2020-05-03:01,0.0
2568,2020-05-03:02,0.0
2569,2020-05-03:03,0.0
2570,2020-05-03:04,0.0
2571,2020-05-03:06,0.0
2572,2020-05-03:07,0.0
2573,2020-05-03:08,0.0
2574,2020-05-03:09,0.0
2575,2020-05-03:10,0.0
2576,2020-05-03:11,0.0
2577,2020-05-03:12,0.0
2578,2020-05-03:13,0.0
2579,2020-05-03:14,0.0
2580,2020-05-03:15,0.0
2581,2020-05-03:16,0.0
2582,2020-05-03:17,0.0
2583,2020-05-03:18,0.0
2584,2020-05-03:19,0.0
2585,2020-05-03:20,0.0
2586,2020-05-03:21,0.0
2587,2020-05-03:22,0.0
2588,2020-05-03:23,0.0
2589,2020-05-04:00,0.0
2590,2020-05-04:01,0.0
2591,2020-05-04:02,0.0
2592,2020-05-04:03,0.0
2593,2020-05-04:04,0.0
2594,2020-05-04:05,0.0
2595,2020-05-04:06,0.0
2596,2020-05-04:07,0.0
2597,2020-05-04:08,0.0
2598,2020-05-04:09,0.0
2599,2020-05-04:10,0.0
2600,2020-05-04:11,0.0
2601,2020-05-04:12,0.0
2602,2020-05-04:13,0.0
2603,2020-05-04:14,0.0
2604,2020-05-04:15,0.0
2605,2020-05-04:16,0.0
2606,2020-05-04:17,0.0
2607,2020-05-04:18,0.4
2608,2020-05-04:19,0.9
2609,2020-05-04:20,0.0
2610,2020-05-04:21,0.0
2611,2020-05-04:22,0.0
2612,2020-05-04:23,0.0
2613,2020-05-05:00,0.0
2614,2020-05-05:01,0.0
2615,2020-05-05:02,0.0
2616,2020-05-05:03,0.0
2617,2020-05-05:04,0.0
2618,2020-05-05:05,0.0
2619,2020-05-05:06,0.0
2620,2020-05-05:07,0.0
2621,2020-05-05:08,0.0
2622,2020-05-05:09,0.0
2623,2020-05-05:10,0.0
2624,2020-05-05:11,0.0
2625,2020-05-05:12,0.0
2626,2020-05-05:13,0.0
2627,2020-05-05:14,0.0
2628,2020-05-05:15,0.0
2629,2020-05-05:16,0.0
2630,2020-05-05:17,0.0
2631,2020-05-05:18,0.0
2632,2020-05-05:19,0.0
2633,2020-05-05:20,0.0
2634,2020-05-05:21,0.0
2635,2020-05-05:22,0.0
2636,2020-05-05:23,0.0
2637,2020-05-06:00,0.0
2638,2020-05-06:01,0.0
2639,2020-05-06:02,0.0
2640,2020-05-06:03,0.0
2641,2020-05-06:04,0.0
2642,2020-05-06:05,0.0
2643,2020-05-06:06,0.0
2644,2020-05-06:07,0.0
2645,2020-05-06:08,0.0
2646,2020-05-06:09,0.0
2647,2020-05-06:10,0.0
2648,2020-05-06:11,0.0
2649,2020-05-06:12,0.0
2650,2020-05-06:13,0.0
2651,2020-05-06:14,0.0
2652,2020-05-06:15,0.0
2653,2020-05-06:16,0.0
2654,2020-05-06:17,0.0
2655,2020-05-06:18,0.0
2656,2020-05-06:19,0.0
2657,2020-05-06:20,0.0
2658,2020-05-06:21,0.0
2659,2020-05-06:22,0.0
2660,2020-05-06:23,0.0
2661,2020-05-07:00,0.0
2662,2020-05-07:01,0.0
2663,2020-05-07:02,0.0
2664,2020-05-07:03,0.0
2665,2020-05-07:04,0.0
2666,2020-05-07:05,0.0
2667,2020-05-07:06,0.0
2668,2020-05-07:07,0.0
2669,2020-05-07:08,0.0
2670,2020-05-07:09,0.0
2671,2020-05-07:10,0.0
2672,2020-05-07:11,0.0
2673,2020-05-07:12,0.0
2674,2020-05-07:13,0.0
2675,2020-05-07:14,0.0
2676,2020-05-07:15,0.0
2677,2020-05-07:16,0.0
2678,2020-05-07:17,0.0
2679,2020-05-07:18,0.0
2680,2020-05-07:19,0.0
2681,2020-05-07:20,0.0
2682,2020-05-07:21,0.0
2683,2020-05-07:22,0.0
2684,2020-05-07:23,0.0
2685,2020-05-08:00,0.0
2686,2020-05-08:01,0.0
2687,2020-05-08:02,0.0
2688,2020-05-08:03,0.0
2689,2020-05-08:04,0.0
2690,2020-05-08:05,0.0
2691,2020-05-08:06,0.0
2692,2020-05-08:07,0.0
2693,2020-05-08:08,0.0
2694,2020-05-08:09,0.0
2695,2020-05-08:10,0.0
2696,2020-05-08:11,0.0
2697,2020-05-08:12,0.0
2698,2020-05-08:13,0.0
2699,2020-05-08:14,0.0
2700,2020-05-08:15,0.0
2701,2020-05-08:16,0.0
2702,2020-05-08:17,0.0
2703,2020-05-08:18,0.0
2704,2020-05-08:19,0.0
2705,2020-05-08:20,0.0
2706,2020-05-08:21,0.0
2707,2020-05-08:22,0.0
2708,2020-05-08:23,0.0
2709,2020-05-09:00,0.0
2710,2020-05-09:01,0.0
2711,2020-05-09:02,0.0
2712,2020-05-09:03,0.0
2713,2020-05-09:04,0.0
2714,2020-05-09:05,0.0
2715,2020-05-09:06,0.0
2716,2020-05-09:07,0.0
2717,2020-05-09:08,0.0
2718,2020-05-09:09,0.0
2719,2020-05-09:10,0.0
2720,2020-05-09:11,0.0
2721,2020-05-09:12,0.0
2722,2020-05-09:13,0.0
2723,2020-05-09:14,0.0
2724,2020-05-09:15,0.0
2725,2020-05-09:16,0.0
2726,2020-05-09:17,0.0
2727,2020-05-09:18,0.0
2728,2020-05-09:19,0.0
2729,2020-05-09:20,0.0
2730,2020-05-09:21,0.0
2731,2020-05-09:22,0.0
2732,2020-05-09:23,0.0
2733,2020-05-10:00,0.0
2734,2020-05-10:01,0.0
2735,2020-05-10:02,0.0
2736,2020-05-10:03,0.0
2737,2020-05-10:04,0.0
2738,2020-05-10:05,0.0
2739,2020-05-10:06,0.0
2740,2020-05-10:07,0.0
2741,2020-05-10:08,0.0
2742,2020-05-10:09,0.0
2743,2020-05-10:10,0.0
2744,2020-05-10:11,0.0
2745,2020-05-10:12,0.0
2746,2020-05-10:13,0.0
2747,2020-05-10:14,0.0
2748,2020-05-10:15,0.0
2749,2020-05-10:16,0.0
2750,2020-05-10:17,0.0
2751,2020-05-10:18,0.0
2752,2020-05-10:19,0.0
2753,2020-05-10:20,0.0
2754,2020-05-10:21,0.0
2755,2020-05-10:22,0.0
2756,2020-05-10:23,0.0
2757,2020-05-11:00,0.0
2758,2020-05-11:01,0.0
2759,2020-05-11:02,1.0
2760,2020-05-11:03,0.1
2761,2020-05-11:04,0.0
2762,2020-05-11:05,0.0
2763,2020-05-11:06,0.0
2764,2020-05-11:07,0.0
2765,2020-05-11:08,0.0
2766,2020-05-11:09,0.0
2767,2020-05-11:10,0.0
2768,2020-05-11:11,0.0
2769,2020-05-11:12,0.0
2770,2020-05-11:13,0.0
2771,2020-05-11:14,0.0
2772,2020-05-11:15,0.0
2773,2020-05-11:16,0.0
2774,2020-05-11:17,0.0
2775,2020-05-11:18,0.0
2776,2020-05-11:19,0.0
2777,2020-05-11:20,0.0
2778,2020-05-11:21,0.0
2779,2020-05-11:22,0.0
2780,2020-05-11:23,0.0
2781,2020-05-12:00,0.0
2782,2020-05-12:01,0.0
2783,2020-05-12:02,0.0
2784,2020-05-12:03,0.0
2785,2020-05-12:04,0.0
2786,2020-05-12:05,0.0
2787,2020-05-12:06,0.0
2788,2020-05-12:07,0.0
2789,2020-05-12:08,0.0
2790,2020-05-12:09,0.3
2791,2020-05-12:10,0.2
2792,2020-05-12:11,0.0
2793,2020-05-12:12,0.0
2794,2020-05-12:13,0.0
2795,2020-05-12:14,0.0
2796,2020-05-12:15,0.0
2797,2020-05-12:16,0.5
2798,2020-05-12:17,0.0
2799,2020-05-12:18,0.0
2800,2020-05-12:19,0.0
2801,2020-05-12:20,0.1
2802,2020-05-12:21,0.0
2803,2020-05-12:22,0.0
2804,2020-05-12:23,0.0
2805,2020-05-13:00,0.0
2806,2020-05-13:01,0.0
2807,2020-05-13:04,0.0
2808,2020-05-13:05,0.0
2809,2020-05-13:06,0.0
2810,2020-05-13:07,0.0
2811,2020-05-13:09,0.0
2812,2020-05-13:10,0.0
2813,2020-05-13:11,0.0
2814,2020-05-13:12,0.0
2815,2020-05-13:13,0.0
2816,2020-05-13:14,0.0
2817,2020-05-13:15,0.0
2818,2020-05-13:16,0.0
2819,2020-05-13:17,0.0
2820,2020-05-13:18,0.0
2821,2020-05-13:19,0.0
2822,2020-05-13:20,0.0
2823,2020-05-13:21,0.0
2824,2020-05-13:22,0.0
2825,2020-05-13:23,0.0
2826,2020-05-14:00,0.0
2827,2020-05-14:01,0.0
2828,2020-05-14:02,0.0
2829,2020-05-14:03,0.0
2830,2020-05-14:04,0.0
2831,2020-05-14:05,0.0
2832,2020-05-14:06,0.0
2833,2020-05-14:07,0.0
2834,2020-05-14:08,0.0
2835,2020-05-14:09,0.0
2836,2020-05-14:10,0.0
2837,2020-05-14:11,0.0
2838,2020-05-14:12,0.1
2839,2020-05-14:13,0.0
2840,2020-05-14:14,0.0
2841,2020-05-14:15,0.0
2842,2020-05-14:16,0.0
2843,2020-05-14:17,0.0
2844,2020-05-14:18,0.0
2845,2020-05-14:19,0.0
2846,2020-05-14:20,0.0
2847,2020-05-14:21,0.0
2848,2020-05-14:22,0.0
2849,2020-05-14:23,0.0
2850,2020-05-15:00,0.0
2851,2020-05-15:01,0.0
2852,2020-05-15:02,0.0
2853,2020-05-15:04,0.0
2854,2020-05-15:05,0.0
2855,2020-05-15:06,0.0
2856,2020-05-15:07,0.0
2857,2020-05-15:08,0.0
2858,2020-05-15:09,0.0
2859,2020-05-15:10,0.0
2860,2020-05-15:11,0.0
2861,2020-05-15:12,0.0
2862,2020-05-15:13,0.0
2863,2020-05-15:14,0.0
2864,2020-05-15:15,0.0
2865,2020-05-15:16,0.0
2866,2020-05-15:17,0.0
2867,2020-05-15:18,0.0
2868,2020-05-15:19,0.0
2869,2020-05-15:20,0.0
2870,2020-05-15:21,0.0
2871,2020-05-15:22,0.0
2872,2020-05-15:23,0.0
2873,2020-05-16:00,0.0
2874,2020-05-16:01,0.0
2875,2020-05-16:02,0.0
2876,2020-05-16:03,0.0
2877,2020-05-16:04,0.0
2878,2020-05-16:05,0.0
2879,2020-05-16:06,0.0
2880,2020-05-16:07,0.0
2881,2020-05-16:08,0.0
2882,2020-05-16:09,0.0
2883,2020-05-16:10,0.1
2884,2020-05-16:11,0.2
2885,2020-05-16:12,0.2
2886,2020-05-16:13,0.1
2887,2020-05-16:14,0.0
2888,2020-05-16:15,0.0
2889,2020-05-16:16,0.0
2890,2020-05-16:17,0.2
2891,2020-05-16:18,0.1
2892,2020-05-16:19,0.0
2893,2020-05-16:20,0.0
2894,2020-05-16:21,0.0
2895,2020-05-16:22,0.0
2896,2020-05-16:23,0.0
2897,2020-05-17:00,0.0
2898,2020-05-17:01,0.2
2899,2020-05-17:02,0.0
2900,2020-05-17:03,0.0
2901,2020-05-17:04,0.0
2902,2020-05-17:05,0.0
2903,2020-05-17:06,0.0
2904,2020-05-17:07,0.4
2905,2020-05-17:08,0.0
2906,2020-05-17:09,0.0
2907,2020-05-17:10,0.0
2908,2020-05-17:11,0.0
2909,2020-05-17:12,0.1
2910,2020-05-17:13,0.0
2911,2020-05-17:14,0.2
2912,2020-05-17:16,4.0
2913,2020-05-17:17,0.0
2914,2020-05-17:18,0.0
2915,2020-05-17:19,0.0
2916,2020-05-17:20,0.0
2917,2020-05-17:21,0.0
2918,2020-05-17:22,0.1
2919,2020-05-17:23,0.0
2920,2020-05-18:00,0.0
2921,2020-05-18:01,0.0
2922,2020-05-18:02,0.0
2923,2020-05-18:03,0.0
2924,2020-05-18:04,0.0
2925,2020-05-18:05,0.0
2926,2020-05-18:06,0.0
2927,2020-05-18:07,0.0
2928,2020-05-18:08,0.0
2929,2020-05-18:09,0.0
2930,2020-05-18:10,0.0
2931,2020-05-18:11,0.0
2932,2020-05-18:12,0.0
2933,2020-05-18:13,0.0
2934,2020-05-18:14,0.0
2935,2020-05-18:15,0.0
2936,2020-05-18:16,0.0
2937,2020-05-18:17,0.0
2938,2020-05-18:18,0.0
2939,2020-05-18:19,0.3
2940,2020-05-18:20,0.4
2941,2020-05-18:21,0.1
2942,2020-05-18:22,0.0
2943,2020-05-18:23,0.0
2944,2020-05-19:00,0.0
2945,2020-05-19:01,0.0
2946,2020-05-19:02,0.0
2947,2020-05-19:03,0.0
2948,2020-05-19:04,0.0
2949,2020-05-19:05,0.0
2950,2020-05-19:06,0.0
2951,2020-05-19:07,0.0
2952,2020-05-19:08,0.0
2953,2020-05-19:09,0.0
2954,2020-05-19:10,0.2
2955,2020-05-19:11,0.0
2956,2020-05-19:12,0.7
2957,2020-05-19:13,0.1
2958,2020-05-19:14,0.0
2959,2020-05-19:15,0.0
2960,2020-05-19:16,0.0
2961,2020-05-19:17,0.0
2962,2020-05-19:18,0.0
2963,2020-05-19:19,0.0
2964,2020-05-19:20,0.0
2965,2020-05-19:21,0.0
2966,2020-05-19:22,0.0
2967,2020-05-19:23,0.0
2968,2020-05-20:00,0.0
2969,2020-05-20:01,0.0
2970,2020-05-20:02,0.0
2971,2020-05-20:03,0.0
2972,2020-05-20:04,0.0
2973,2020-05-20:05,0.0
2974,2020-05-20:06,0.0
2975,2020-05-20:07,0.0
2976,2020-05-20:08,0.0
2977,2020-05-20:09,0.0
2978,2020-05-20:10,0.0
2979,2020-05-20:11,0.0
2980,2020-05-20:12,0.0
2981,2020-05-20:13,0.0
2982,2020-05-20:14,0.0
2983,2020-05-20:15,0.0
2984,2020-05-20:16,0.0
2985,2020-05-20:17,0.0
2986,2020-05-20:18,0.0
2987,2020-05-20:19,0.0
2988,2020-05-20:20,0.0
2989,2020-05-20:21,0.0
2990,2020-05-20:22,0.0
2991,2020-05-20:23,0.0
2992,2020-05-21:00,0.0
2993,2020-05-21:01,0.0
2994,2020-05-21:02,0.0
2995,2020-05-21:03,0.0
2996,2020-05-21:04,0.0
2997,2020-05-21:05,0.0
2998,2020-05-21:06,0.0
2999,2020-05-21:07,0.0
3000,2020-05-21:08,0.0
3001,2020-05-21:09,0.0
3002,2020-05-21:10,0.0
3003,2020-05-21:11,0.0
3004,2020-05-21:12,0.0
3005,2020-05-21:13,0.0
3006,2020-05-21:14,0.0
3007,2020-05-21:15,0.0
3008,2020-05-21:16,0.0
3009,2020-05-21:17,0.0
3010,2020-05-21:18,0.0
3011,2020-05-21:19,0.0
3012,2020-05-21:20,0.0
3013,2020-05-21:21,0.0
3014,2020-05-21:22,0.0
3015,2020-05-21:23,0.0
3016,2020-05-22:00,0.0
3017,2020-05-22:01,0.0
3018,2020-05-22:02,0.0
3019,2020-05-22:03,0.0
3020,2020-05-22:04,0.0
3021,2020-05-22:05,0.0
3022,2020-05-22:06,0.0
3023,2020-05-22:07,0.0
3024,2020-05-22:08,0.0
3025,2020-05-22:09,0.0
3026,2020-05-22:10,0.0
3027,2020-05-22:11,0.0
3028,2020-05-22:12,0.0
3029,2020-05-22:13,0.0
3030,2020-05-22:14,0.0
3031,2020-05-22:15,0.0
3032,2020-05-22:16,0.0
3033,2020-05-22:17,0.0
3034,2020-05-22:18,0.0
3035,2020-05-22:19,0.0
3036,2020-05-22:20,0.0
3037,2020-05-22:21,0.0
3038,2020-05-22:22,0.0
3039,2020-05-22:23,0.0
3040,2020-05-23:00,0.0
3041,2020-05-23:01,0.2
3042,2020-05-23:02,0.1
3043,2020-05-23:03,0.5
3044,2020-05-23:04,0.0
3045,2020-05-23:05,0.5
3046,2020-05-23:06,0.4
3047,2020-05-23:07,1.0
3048,2020-05-23:08,2.0
3049,2020-05-23:09,0.1
3050,2020-05-23:10,0.0
3051,2020-05-23:11,0.0
3052,2020-05-23:12,0.0
3053,2020-05-23:13,0.0
3054,2020-05-23:14,0.0
3055,2020-05-23:15,1.0
3056,2020-05-23:16,3.0
3057,2020-05-23:17,0.1
3058,2020-05-23:18,0.8
3059,2020-05-23:19,0.0
3060,2020-05-23:20,0.0
3061,2020-05-23:21,0.0
3062,2020-05-23:22,0.0
3063,2020-05-23:23,0.0
3064,2020-05-24:00,0.0
3065,2020-05-24:01,0.0
3066,2020-05-24:02,0.0
3067,2020-05-24:03,0.0
3068,2020-05-24:04,0.0
3069,2020-05-24:05,0.0
3070,2020-05-24:06,0.0
3071,2020-05-24:07,0.0
3072,2020-05-24:08,0.0
3073,2020-05-24:09,1.0
3074,2020-05-24:10,0.0
3075,2020-05-24:11,0.0
3076,2020-05-24:12,0.0
3077,2020-05-24:13,0.0
3078,2020-05-24:14,0.6
3079,2020-05-24:15,0.4
3080,2020-05-24:16,0.1
3081,2020-05-24:17,0.0
3082,2020-05-24:18,0.0
3083,2020-05-24:19,0.1
3084,2020-05-24:20,0.1
3085,2020-05-24:21,0.0
3086,2020-05-24:22,0.0
3087,2020-05-24:23,0.0
3088,2020-05-25:00,0.0
3089,2020-05-25:01,0.0
3090,2020-05-25:02,0.0
3091,2020-05-25:03,0.0
3092,2020-05-25:04,0.0
3093,2020-05-25:05,0.0
3094,2020-05-25:06,0.0
3095,2020-05-25:07,0.0
3096,2020-05-25:08,0.0
3097,2020-05-25:09,0.0
3098,2020-05-25:10,0.0
3099,2020-05-25:11,0.5
3100,2020-05-25:12,0.0
3101,2020-05-25:13,0.4
3102,2020-05-25:14,0.0
3103,2020-05-25:15,0.7
3104,2020-05-25:16,0.0
3105,2020-05-25:17,0.0
3106,2020-05-25:18,0.0
3107,2020-05-25:19,0.0
3108,2020-05-25:20,0.0
3109,2020-05-25:21,0.0
3110,2020-05-25:22,0.0
3111,2020-05-25:23,0.0
3112,2020-05-26:00,0.0
3113,2020-05-26:01,0.0
3114,2020-05-26:02,0.0
3115,2020-05-26:03,0.0
3116,2020-05-26:04,0.0
3117,2020-05-26:05,0.0
3118,2020-05-26:06,0.0
3119,2020-05-26:07,0.0
3120,2020-05-26:08,0.0
